ZIP,Dependents,AGI,NumReturns,AvgAGI
10001,"3,170","2,094,642","13,720"," 152,671 "
10002,"19,730","2,002,349","43,410"," 46,126 "
10003,"4,800","6,135,126","29,340"," 209,104 "
10004,"1,080","892,142","2,580"," 345,791 "
10005,"1,300","5,343,796","5,660"," 944,134 "
10006,460,"421,654","2,360"," 178,667 "
10007,"1,510","1,712,816","3,460"," 495,034 "
10009,"9,730","2,299,944","32,170"," 71,493 "
10010,"3,370","3,424,038","17,270"," 198,265 "
10011,"5,500","7,422,443","30,420"," 243,999 "
10012,"2,480","2,682,639","12,780"," 209,909 "
10013,"5,730","4,872,698","15,060"," 323,552 "
10014,"2,940","4,861,288","18,950"," 256,532 "
10016,"5,350","8,730,077","30,970"," 281,888 "
10017,"2,710","4,079,743","11,870"," 343,702 "
10018,"1,440","2,550,416","6,230"," 409,377 "
10019,"5,060","6,040,781","24,200"," 249,619 "
10021,"6,330","11,744,436","23,860"," 492,223 "
10022,"4,610","10,036,729","19,780"," 507,418 "
10023,"9,490","10,708,893","33,900"," 315,897 "
10024,"11,170","9,152,767","30,820"," 296,975 "
10025,"18,080","6,051,861","46,200"," 130,993 "
10026,"10,070","993,545","17,660"," 56,260 "
10027,"14,880","1,396,419","26,780"," 52,144 "
10028,"7,620","8,970,406","25,370"," 353,583 "
10029,"22,430","1,714,185","34,300"," 49,976 "
10030,"8,450","472,006","13,240"," 35,650 "
10031,"16,200","1,001,265","28,740"," 34,839 "
10032,"19,540","1,001,227","31,540"," 31,745 "
10033,"15,620","1,067,109","27,110"," 39,362 "
10034,"12,080","764,345","20,340"," 37,578 "
10035,"10,490","603,151","15,360"," 39,268 "
10036,"3,990","3,690,222","17,980"," 205,240 "
10037,"5,280","445,291","10,280"," 43,316 "
10038,"3,900","1,426,096","12,300"," 115,943 "
10039,"9,300","468,538","13,400"," 34,966 "
10040,"12,590","808,747","21,670"," 37,321 "
10044,"1,670","346,386","4,160"," 83,266 "
10065,"4,340","6,983,851","15,670"," 445,683 "
10069,"1,250","1,258,210","2,660"," 473,011 "
10075,"4,140","5,843,617","14,330"," 407,789 "
10128,"10,550","10,821,609","32,510"," 332,870 "
10162,400,"177,246",700," 253,209 "
10280,"1,610","782,322","4,160"," 188,058 "
10282,"1,350","968,177","2,400"," 403,407 "
10301,"11,130","1,090,169","17,240"," 63,235 "
10302,"6,080","362,243","7,710"," 46,984 "
10303,"9,720","492,630","11,700"," 42,105 "
10304,"14,290","1,203,206","18,950"," 63,494 "
10305,"12,000","1,092,453","18,720"," 58,358 "
10306,"15,510","1,745,314","25,970"," 67,205 "
10307,"4,470","527,395","6,220"," 84,790 "
10308,"7,820","935,036","13,300"," 70,303 "
10309,"9,870","1,132,904","14,630"," 77,437 "
10310,"8,520","626,031","10,990"," 56,964 "
10312,"17,530","2,146,508","28,440"," 75,475 "
10314,"25,330","2,592,527","39,620"," 65,435 "
10451,"18,070","647,933","22,270"," 29,094 "
10452,"31,480","867,413","35,350"," 24,538 "
10453,"32,910","876,875","37,070"," 23,655 "
10454,"14,660","364,122","15,220"," 23,924 "
10455,"15,820","430,940","17,090"," 25,216 "
10456,"36,680","916,804","38,800"," 23,629 "
10457,"29,360","757,012","31,770"," 23,828 "
10458,"28,640","857,682","33,010"," 25,982 "
10459,"19,160","537,557","20,860"," 25,770 "
10460,"21,920","630,094","24,700"," 25,510 "
10461,"14,830","1,096,894","23,340"," 46,996 "
10462,"27,240","1,482,923","38,370"," 38,648 "
10463,"19,660","1,978,706","33,220"," 59,564 "
10464,920,"163,217","2,140"," 76,270 "
10465,"11,750","1,082,818","19,250"," 56,250 "
10466,"23,510","1,122,503","31,640"," 35,477 "
10467,"34,610","1,357,285","42,930"," 31,616 "
10468,"28,900","944,103","35,240"," 26,791 "
10469,"22,090","1,303,391","31,030"," 42,004 "
10470,"4,300","345,546","7,390"," 46,759 "
10471,"4,740","1,155,866","9,800"," 117,946 "
10472,"23,610","750,631","27,360"," 27,435 "
10473,"20,960","983,107","27,320"," 35,985 "
10474,"4,400","121,027","4,690"," 25,805 "
10475,"11,330","986,202","22,020"," 44,787 "
10501,490,"96,181",650," 147,971 "
10502,"2,130","418,635","2,910"," 143,861 "
10504,"4,570","2,241,447","5,360"," 418,180 "
10505,460,"62,777",570," 110,135 "
10506,"2,160","1,019,576","2,830"," 360,274 "
10507,"1,740","445,501","2,590"," 172,008 "
10509,"5,860","793,397","9,710"," 81,709 "
10510,"3,340","1,259,611","4,870"," 258,647 "
10511,700,"77,202","1,130"," 68,320 "
10512,"7,090","999,819","12,330"," 81,088 "
10514,"4,780","2,349,510","5,480"," 428,743 "
10516,"1,540","275,100","2,780"," 98,957 "
10518,500,"105,187",740," 142,145 "
10520,"3,780","793,818","6,350"," 125,011 "
10522,"3,180","667,713","5,210"," 128,160 "
10523,"2,960","325,094","4,830"," 67,307 "
10524,"1,130","334,048","2,050"," 162,950 "
10526,610,"145,526","1,040"," 139,929 "
10527,300,"59,999",420," 142,855 "
10528,"3,500","1,319,375","5,750"," 229,457 "
10530,"2,820","906,344","7,090"," 127,834 "
10532,"1,560","237,939","2,630"," 90,471 "
10533,"2,640","830,848","3,830"," 216,932 "
10535,260,"22,652",370," 61,222 "
10536,"3,760","1,353,543","5,280"," 256,353 "
10537,680,"71,797","1,180"," 60,845 "
10538,"6,110","2,881,857","8,060"," 357,550 "
10541,"7,960","1,024,407","12,330"," 83,082 "
10543,"6,270","1,394,547","9,600"," 145,265 "
10546,500,"149,954",710," 211,203 "
10547,"2,340","267,923","3,540"," 75,684 "
10548,910,"122,605","1,570"," 78,092 "
10549,"5,470","1,649,491","8,240"," 200,181 "
10550,"13,810","645,261","18,270"," 35,318 "
10552,"5,300","771,774","10,680"," 72,263 "
10553,"3,740","265,757","5,670"," 46,871 "
10560,"1,310","411,706","2,180"," 188,856 "
10562,"9,590","1,225,514","16,030"," 76,451 "
10566,"7,220","644,359","12,120"," 53,165 "
10567,"6,200","948,274","9,530"," 99,504 "
10570,"3,960","961,801","5,940"," 161,919 "
10573,"13,600","1,664,796","18,800"," 88,553 "
10576,"1,650","701,130","2,450"," 286,176 "
10577,960,"1,019,759","1,520"," 670,894 "
10578,300,"38,646",450," 85,880 "
10579,"2,600","392,537","4,340"," 90,446 "
10580,"6,550","3,899,799","8,060"," 483,846 "
10583,"13,920","7,431,065","18,850"," 394,221 "
10588,750,"103,327","1,300"," 79,482 "
10589,"1,720","549,880","4,520"," 121,655 "
10590,"2,100","517,180","3,150"," 164,184 "
10591,"6,680","1,343,081","11,670"," 115,088 "
10594,"1,510","295,803","2,520"," 117,382 "
10595,"1,850","368,211","3,150"," 116,892 "
10597,320,"170,827",510," 334,955 "
10598,"9,320","1,589,499","14,410"," 110,305 "
10601,"2,820","763,043","6,050"," 126,123 "
10603,"5,580","737,193","10,020"," 73,572 "
10604,"3,700","671,855","5,560"," 120,837 "
10605,"5,530","1,364,557","10,060"," 135,642 "
10606,"5,740","599,455","8,150"," 73,553 "
10607,"2,340","331,934","3,940"," 84,247 "
10701,"21,190","1,241,251","28,220"," 43,985 "
10703,"6,960","526,334","10,390"," 50,658 "
10704,"8,860","981,989","16,480"," 59,587 "
10705,"14,090","784,554","17,900"," 43,830 "
10706,"2,770","710,047","4,500"," 157,788 "
10707,"3,030","537,853","5,090"," 105,669 "
10708,"5,820","3,101,064","11,400"," 272,023 "
10709,"2,930","588,612","4,730"," 124,442 "
10710,"7,420","1,013,924","13,970"," 72,579 "
10801,"12,900","1,150,008","18,080"," 63,607 "
10803,"4,730","1,219,758","6,030"," 202,282 "
10804,"4,870","1,500,010","7,200"," 208,335 "
10805,"4,830","587,279","9,030"," 65,036 "
10901,"7,860","1,174,810","11,600"," 101,277 "
10913,"1,740","309,653","2,500"," 123,861 "
10916,"1,520","198,834","2,130"," 93,349 "
10917,750,"86,271","1,000"," 86,271 "
10918,"3,490","411,936","5,430"," 75,863 "
10919,370,"39,538",590," 67,014 "
10920,"2,850","362,354","4,460"," 81,245 "
10921,"1,460","152,046","2,160"," 70,392 "
10923,"2,900","289,198","4,750"," 60,884 "
10924,"3,940","537,044","6,050"," 88,768 "
10925,"1,310","166,231","2,540"," 65,445 "
10926,"1,170","126,226","1,880"," 67,141 "
10927,"4,600","229,613","5,980"," 38,397 "
10928,"1,180","115,592","2,240"," 51,604 "
10930,"3,370","375,681","4,390"," 85,577 "
10931,320,"26,416",490," 53,910 "
10940,"17,490","1,165,333","23,130"," 50,382 "
10941,"4,430","393,559","6,780"," 58,047 "
10950,"23,040","1,147,756","16,850"," 68,116 "
10952,"22,910","1,042,696","12,290"," 84,841 "
10954,"7,250","943,880","12,210"," 77,304 "
10956,"10,510","1,775,709","15,960"," 111,260 "
10958,"1,090","105,302","1,590"," 66,228 "
10960,"3,830","722,434","7,660"," 94,313 "
10962,"1,740","247,099","2,590"," 95,405 "
10963,780,"72,923","1,200"," 60,769 "
10964,420,"141,441",730," 193,755 "
10965,"4,660","711,628","7,560"," 94,131 "
10968,450,"148,956","1,210"," 123,104 "
10969,410,"37,634",610," 61,695 "
10970,"2,890","385,477","5,080"," 75,881 "
10973,730,"77,572","1,110"," 69,885 "
10974,"1,070","124,842","1,540"," 81,066 "
10975,60,"8,422",140," 60,157 "
10976,440,"55,212",840," 65,729 "
10977,"30,000","1,258,091","24,790"," 50,750 "
10980,"4,150","548,700","7,010"," 78,274 "
10983,"1,920","278,674","2,930"," 95,111 "
10984,800,"104,364","1,310"," 79,667 "
10985,100,"11,843",180," 65,794 "
10986,540,"79,493",900," 88,326 "
10987,940,"299,619","1,820"," 164,626 "
10989,"2,650","425,009","4,940"," 86,034 "
10990,"5,970","951,957","9,660"," 98,546 "
10992,"3,110","343,172","4,770"," 71,944 "
10993,"1,690","110,282","2,480"," 44,469 "
10994,"2,470","415,159","3,820"," 108,680 "
10996,"1,410","78,693","1,250"," 62,954 "
10998,"1,210","108,274","1,500"," 72,183 "
11001,"8,700","1,119,857","13,660"," 81,981 "
11003,"16,350","1,132,574","23,190"," 48,839 "
11004,"3,600","420,532","6,690"," 62,860 "
11005,40,"175,556","1,470"," 119,426 "
11010,"7,110","865,102","12,340"," 70,106 "
11020,"2,160","544,253","3,020"," 180,216 "
11021,"5,020","1,487,934","9,290"," 160,165 "
11023,"3,320","673,720","3,910"," 172,307 "
11024,"2,620","1,041,337","3,190"," 326,438 "
11030,"6,160","2,713,441","8,510"," 318,853 "
11040,"13,780","1,932,665","20,930"," 92,339 "
11050,"9,310","2,546,778","14,680"," 173,486 "
11096,"2,940","140,717","3,780"," 37,227 "
11101,"7,060","972,808","15,150"," 64,212 "
11102,"8,990","890,292","19,520"," 45,609 "
11103,"7,900","954,858","20,780"," 45,951 "
11104,"6,630","765,714","15,070"," 50,810 "
11105,"7,510","1,011,364","19,470"," 51,945 "
11106,"8,940","1,037,235","21,910"," 47,341 "
11109,700,"462,014","3,460"," 133,530 "
11201,"9,980","5,112,729","29,680"," 172,262 "
11203,"24,440","1,346,763","36,830"," 36,567 "
11204,"29,280","1,606,891","31,820"," 50,499 "
11205,"14,390","1,005,664","18,110"," 55,531 "
11206,"28,200","1,146,373","35,070"," 32,688 "
11207,"33,190","1,206,549","41,190"," 29,292 "
11208,"36,000","1,179,525","41,860"," 28,178 "
11209,"17,580","2,276,910","33,670"," 67,624 "
11210,"23,730","1,888,103","29,050"," 64,995 "
11211,"17,500","1,791,794","30,520"," 58,709 "
11212,"30,950","1,043,007","36,910"," 28,258 "
11213,"22,270","964,964","28,280"," 34,122 "
11214,"25,140","1,563,213","38,430"," 40,677 "
11215,"17,450","3,882,566","34,930"," 111,153 "
11216,"13,400","1,096,986","27,520"," 39,861 "
11217,"7,090","1,941,268","18,380"," 105,618 "
11218,"27,520","1,624,318","32,840"," 49,462 "
11219,"42,220","1,364,843","33,100"," 41,234 "
11220,"38,080","1,360,015","51,970"," 26,169 "
11221,"24,620","1,166,455","36,490"," 31,966 "
11222,"5,820","1,261,777","22,060"," 57,198 "
11223,"23,060","1,971,512","31,240"," 63,109 "
11224,"11,740","717,045","19,420"," 36,923 "
11225,"17,790","1,228,231","29,940"," 41,023 "
11226,"34,030","1,722,653","50,400"," 34,180 "
11228,"11,970","1,081,095","18,670"," 57,905 "
11229,"22,880","1,922,566","34,960"," 54,993 "
11230,"29,890","2,177,511","33,900"," 64,233 "
11231,"8,460","1,875,833","16,950"," 110,669 "
11232,"8,570","435,664","12,600"," 34,577 "
11233,"22,500","1,017,712","29,660"," 34,313 "
11234,"27,590","2,423,833","41,180"," 58,859 "
11235,"19,510","1,925,904","36,820"," 52,306 "
11236,"33,080","1,837,123","46,150"," 39,808 "
11237,"14,050","685,009","22,710"," 30,163 "
11238,"11,150","2,064,377","29,270"," 70,529 "
11239,"4,680","248,163","6,790"," 36,548 "
11354,"12,680","1,008,807","28,390"," 35,534 "
11355,"23,720","1,287,291","47,600"," 27,044 "
11356,"7,850","509,161","11,830"," 43,040 "
11357,"10,200","1,469,576","19,350"," 75,947 "
11358,"10,020","1,006,877","18,250"," 55,171 "
11360,"4,160","836,069","9,940"," 84,112 "
11361,"7,600","847,874","13,570"," 62,482 "
11362,"4,570","638,785","8,570"," 74,537 "
11363,"1,840","370,854","3,370"," 110,046 "
11364,"10,090","1,116,336","17,610"," 63,392 "
11365,"12,900","1,094,640","20,170"," 54,271 "
11366,"4,200","419,895","6,590"," 63,717 "
11367,"13,340","995,934","18,240"," 54,602 "
11368,"39,640","1,252,689","46,510"," 26,934 "
11369,"13,090","586,927","17,340"," 33,848 "
11370,"8,690","535,522","13,000"," 41,194 "
11372,"21,240","1,379,743","34,560"," 39,923 "
11373,"31,830","1,540,367","49,090"," 31,378 "
11374,"11,130","1,234,938","22,240"," 55,528 "
11375,"15,760","2,958,154","35,280"," 83,848 "
11377,"26,150","1,672,212","44,400"," 37,662 "
11378,"10,580","850,047","17,100"," 49,710 "
11379,"9,340","1,072,037","17,330"," 61,860 "
11385,"31,360","1,929,001","47,450"," 40,653 "
11411,"6,020","506,100","10,590"," 47,790 "
11412,"12,220","741,383","18,430"," 40,227 "
11413,"13,650","934,909","20,830"," 44,883 "
11414,"6,570","810,182","12,720"," 63,694 "
11415,"5,030","558,050","9,480"," 58,866 "
11416,"9,690","380,321","11,740"," 32,395 "
11417,"10,540","574,890","14,400"," 39,923 "
11418,"12,720","662,242","16,990"," 38,978 "
11419,"16,990","730,117","22,960"," 31,800 "
11420,"15,690","832,745","21,780"," 38,234 "
11421,"14,410","740,488","19,920"," 37,173 "
11422,"10,520","725,787","15,860"," 45,762 "
11423,"10,020","650,266","14,870"," 43,730 "
11426,"5,840","523,875","9,180"," 57,067 "
11427,"7,300","621,771","11,490"," 54,114 "
11428,"6,620","425,926","9,880"," 43,110 "
11429,"8,380","516,711","12,740"," 40,558 "
11430,70,"8,461",170," 49,771 "
11432,"19,850","1,190,643","27,300"," 43,613 "
11433,"12,380","517,161","15,530"," 33,301 "
11434,"20,600","1,224,601","31,030"," 39,465 "
11435,"17,590","981,022","25,610"," 38,306 "
11436,"6,680","334,411","9,030"," 37,033 "
11501,"5,090","753,542","10,480"," 71,903 "
11507,"2,430","429,508","3,760"," 114,231 "
11509,620,"233,149","1,330"," 175,300 "
11510,"10,900","1,218,821","17,540"," 69,488 "
11514,"1,320","186,528","2,460"," 75,824 "
11516,"3,230","406,189","3,260"," 124,598 "
11518,"3,030","554,179","5,460"," 101,498 "
11520,"14,520","1,112,450","23,100"," 48,158 "
11530,"9,580","3,166,144","14,180"," 223,282 "
11542,"7,170","989,943","13,290"," 74,488 "
11545,"3,730","1,800,237","6,050"," 297,560 "
11548,410,"73,029",650," 112,352 "
11550,"20,270","1,067,478","28,050"," 38,056 "
11552,"8,660","904,620","12,610"," 71,738 "
11553,"9,710","569,501","14,050"," 40,534 "
11554,"10,940","1,452,791","19,530"," 74,388 "
11557,"2,590","705,826","4,040"," 174,709 "
11558,"2,070","276,854","3,980"," 69,561 "
11559,"3,400","1,184,601","3,780"," 313,387 "
11560,"2,000","1,003,623","3,400"," 295,183 "
11561,"7,710","1,652,240","18,770"," 88,026 "
11563,"6,440","904,856","11,420"," 79,234 "
11565,"2,500","443,493","4,730"," 93,762 "
11566,"11,430","1,995,196","18,060"," 110,476 "
11568,"1,050","904,579","1,700"," 532,105 "
11570,"8,850","1,892,114","14,130"," 133,908 "
11572,"9,340","1,342,180","15,680"," 85,598 "
11575,"6,430","328,132","8,820"," 37,203 "
11576,"3,980","1,572,886","6,250"," 251,662 "
11577,"4,160","1,005,118","5,860"," 171,522 "
11579,"1,480","341,034","2,600"," 131,167 "
11580,"14,050","1,307,837","21,210"," 61,661 "
11581,"7,410","861,272","10,670"," 80,719 "
11590,"15,640","1,567,949","25,050"," 62,593 "
11596,"3,490","574,519","5,360"," 107,186 "
11598,"5,570","967,432","5,850"," 165,373 "
11691,"20,980","811,125","21,710"," 37,362 "
11692,"6,870","284,299","8,090"," 35,142 "
11693,"3,500","250,944","5,380"," 46,644 "
11694,"4,690","748,839","8,290"," 90,330 "
11697,960,"168,179","1,870"," 89,935 "
11701,"8,920","759,400","14,610"," 51,978 "
11702,"3,930","721,375","7,570"," 95,294 "
11703,"5,050","560,982","9,080"," 61,782 "
11704,"11,630","1,163,187","20,410"," 56,991 "
11705,"2,640","384,585","3,960"," 97,117 "
11706,"21,570","1,661,901","31,660"," 52,492 "
11709,"1,960","323,461","3,460"," 93,486 "
11710,"10,820","1,601,988","17,760"," 90,202 "
11713,"3,640","328,344","5,260"," 62,423 "
11714,"6,560","861,567","12,330"," 69,876 "
11715,"1,340","205,075","2,360"," 86,896 "
11716,"3,020","386,752","5,520"," 70,064 "
11717,"25,120","1,084,585","31,740"," 34,171 "
11718,"1,030","234,947","1,740"," 135,027 "
11719,780,"137,129","1,610"," 85,173 "
11720,"8,910","972,178","14,420"," 67,419 "
11721,"2,040","451,128","3,230"," 139,668 "
11722,"14,010","757,855","18,950"," 39,992 "
11724,"1,250","481,045","1,710"," 281,313 "
11725,"9,390","1,414,634","14,410"," 98,170 "
11726,"6,830","480,907","10,790"," 44,570 "
11727,"8,020","866,083","14,320"," 60,481 "
11729,"8,620","852,833","14,550"," 58,614 "
11730,"4,450","644,587","7,270"," 88,664 "
11731,"9,670","1,328,820","14,910"," 89,123 "
11732,990,"246,194","1,840"," 133,801 "
11733,"5,580","1,847,757","8,610"," 214,606 "
11735,"9,340","1,300,765","17,140"," 75,891 "
11738,"5,490","525,650","8,290"," 63,408 "
11740,"3,050","447,731","4,550"," 98,402 "
11741,"8,220","1,028,609","14,180"," 72,539 "
11742,"4,320","491,669","6,970"," 70,541 "
11743,"12,250","3,227,837","21,860"," 147,660 "
11746,"22,280","3,077,723","33,360"," 92,258 "
11747,"6,190","2,259,270","10,530"," 214,556 "
11749,"1,010","110,188","1,800"," 61,216 "
11751,"4,420","598,056","7,710"," 77,569 "
11752,"2,970","330,538","5,240"," 63,080 "
11753,"4,540","1,333,492","6,440"," 207,064 "
11754,"5,580","789,736","9,420"," 83,836 "
11755,"3,530","501,177","6,110"," 82,026 "
11756,"13,070","1,540,228","22,880"," 67,318 "
11757,"13,270","1,349,487","23,370"," 57,744 "
11758,"16,130","2,500,277","28,390"," 88,069 "
11762,"7,010","1,046,771","11,590"," 90,317 "
11763,"8,850","864,405","14,530"," 59,491 "
11764,"4,430","626,627","6,290"," 99,623 "
11765,140,"164,383",330," 498,130 "
11766,"3,960","663,114","6,170"," 107,474 "
11767,"4,890","648,466","7,150"," 90,695 "
11768,"6,630","1,449,565","10,870"," 133,355 "
11769,"2,420","411,327","5,000"," 82,265 "
11771,"2,860","1,193,790","5,150"," 231,804 "
11772,"12,590","1,261,967","22,370"," 56,413 "
11776,"7,410","780,579","11,910"," 65,540 "
11777,"2,400","644,790","4,590"," 140,477 "
11778,"3,960","420,849","6,080"," 69,219 "
11779,"11,590","1,209,888","19,170"," 63,114 "
11780,"4,710","1,354,738","7,640"," 177,322 "
11782,"4,670","719,107","7,990"," 90,001 "
11783,"6,470","954,261","10,930"," 87,307 "
11784,"7,630","694,612","12,050"," 57,644 "
11786,"2,260","299,758","3,120"," 96,076 "
11787,"10,870","1,751,479","17,060"," 102,666 "
11788,"5,320","788,395","8,480"," 92,971 "
11789,"2,300","240,539","3,720"," 64,661 "
11790,"3,980","719,391","6,710"," 107,212 "
11791,"8,820","2,194,523","12,090"," 181,516 "
11792,"2,670","387,695","4,230"," 91,654 "
11793,"10,380","1,496,051","16,580"," 90,232 "
11795,"8,210","1,130,836","13,000"," 86,987 "
11796,"1,130","142,584","1,860"," 76,658 "
11797,"2,630","1,026,690","4,600"," 223,193 "
11798,"6,640","326,135","8,150"," 40,017 "
11801,"12,070","1,347,370","21,170"," 63,645 "
11803,"9,080","1,630,582","14,190"," 114,911 "
11804,"1,670","280,211","2,520"," 111,195 "
11901,"7,170","628,869","12,510"," 50,269 "
11933,"1,660","233,953","3,450"," 67,812 "
11934,"2,630","302,216","3,840"," 78,702 "
11935,890,"175,393","1,850"," 94,807 "
11937,"4,480","948,592","9,010"," 105,282 "
11939,150,"47,338",510," 92,820 "
11940,"1,570","249,769","2,750"," 90,825 "
11941,680,"103,424","1,310"," 78,950 "
11942,"1,550","212,036","2,650"," 80,014 "
11944,"1,040","141,388","2,300"," 61,473 "
11946,"3,990","453,175","7,390"," 61,323 "
11948,300,"51,340",630," 81,492 "
11949,"4,640","548,277","6,930"," 79,116 "
11950,"5,760","358,437","7,680"," 46,671 "
11951,"4,330","285,220","6,250"," 45,635 "
11952,"1,280","236,034","2,620"," 90,089 "
11953,"3,300","382,264","6,640"," 57,570 "
11954,"1,030","203,671","2,740"," 74,332 "
11955,690,"108,814","1,760"," 61,826 "
11957,150,"56,364",460," 122,530 "
11958,270,"38,439",490," 78,447 "
11961,"2,940","404,518","6,870"," 58,882 "
11963,"1,720","477,523","4,140"," 115,344 "
11967,"8,430","666,082","12,480"," 53,372 "
11968,"2,670","597,606","5,320"," 112,332 "
11971,"1,350","276,024","3,100"," 89,040 "
11976,550,"278,790","1,170"," 238,282 "
11977,630,"124,283","1,300"," 95,602 "
11978,"1,010","219,350","1,940"," 113,067 "
11980,"1,120","167,003","2,240"," 74,555 "
12007,40,"5,509",100," 55,090 "
12008,150,"17,202",230," 74,791 "
12009,"2,000","282,092","3,720"," 75,831 "
12010,"7,460","600,793","13,180"," 45,584 "
12015,860,"104,970","1,650"," 63,618 "
12017,80,"13,143",170," 77,312 "
12018,"2,070","265,396","3,860"," 68,755 "
12019,"4,320","622,569","7,690"," 80,958 "
12020,"8,650","1,006,616","15,890"," 63,349 "
12022,230,"19,138",380," 50,363 "
12023,550,"56,000","1,010"," 55,446 "
12025,"1,520","145,450","2,700"," 53,870 "
12027,"1,210","165,430","2,020"," 81,896 "
12028,310,"29,666",600," 49,443 "
12029,220,"37,917",510," 74,347 "
12031,60,"4,096",110," 37,236 "
12032,210,"26,005",480," 54,177 "
12033,"2,070","268,607","4,090"," 65,674 "
12035,210,"18,070",410," 44,073 "
12037,860,"94,941","1,730"," 54,879 "
12041,140,"15,205",290," 52,431 "
12042,120,"11,322",220," 51,464 "
12043,"1,600","157,310","3,080"," 51,075 "
12046,170,"20,550",320," 64,219 "
12047,"4,910","521,406","9,980"," 52,245 "
12051,950,"95,477","1,780"," 53,639 "
12052,370,"40,737",720," 56,579 "
12053,"1,160","138,655","2,130"," 65,096 "
12054,"4,980","806,161","8,840"," 91,195 "
12056,560,"83,365","1,180"," 70,648 "
12057,450,"33,060",760," 43,500 "
12058,370,"32,553",650," 50,082 "
12059,350,"49,290",830," 59,386 "
12060,320,"47,330",680," 69,603 "
12061,"2,490","379,770","4,920"," 77,189 "
12062,400,"45,885",840," 54,625 "
12063,150,"19,971",290," 68,866 "
12064,140,"7,814",220," 35,518 "
12065,"12,140","1,711,930","22,140"," 77,323 "
12066,500,"54,534",980," 55,647 "
12067,360,"50,324",780," 64,518 "
12068,860,"64,130","1,380"," 46,471 "
12070,350,"39,666",640," 61,978 "
12071,80,"5,398",120," 44,983 "
12072,790,"58,641","1,180"," 49,696 "
12074,710,"89,125","1,490"," 59,815 "
12075,800,"98,638","1,480"," 66,647 "
12076,300,"26,352",560," 47,057 "
12077,"1,870","275,415","3,220"," 85,533 "
12078,"6,010","404,881","9,950"," 40,692 "
12083,940,"99,638","1,870"," 53,282 "
12084,"1,080","172,445","2,300"," 74,976 "
12085,100,"9,338",220," 42,445 "
12086,380,"51,131",960," 53,261 "
12087,320,"32,563",590," 55,192 "
12090,"1,590","127,997","2,640"," 48,484 "
12092,300,"25,773",520," 49,563 "
12093,410,"31,632",700," 45,189 "
12094,620,"58,072","1,080"," 53,770 "
12095,"2,960","251,635","5,600"," 44,935 "
12106,590,"91,999","1,350"," 68,147 "
12108,80,"12,444",230," 54,104 "
12110,"4,990","698,459","10,250"," 68,142 "
12116,400,"35,646",800," 44,558 "
12117,760,"72,132","1,540"," 46,839 "
12118,"4,040","469,688","7,520"," 62,459 "
12120,140,"14,577",270," 53,989 "
12121,470,"59,819",930," 64,322 "
12122,930,"85,157","1,860"," 45,783 "
12123,"1,280","152,577","2,570"," 59,368 "
12125,320,"40,269",740," 54,418 "
12130,270,"26,897",550," 48,904 "
12131,50,"4,559",100," 45,590 "
12134,840,"84,268","1,710"," 49,280 "
12136,170,"43,416",430," 100,967 "
12137,410,"50,242",860," 58,421 "
12138,700,"70,074","1,330"," 52,687 "
12139,50,"6,880",140," 49,143 "
12140,490,"57,983",910," 63,718 "
12143,"1,340","127,744","2,460"," 51,928 "
12144,"4,920","574,755","10,460"," 54,948 "
12147,120,"18,979",290," 65,445 "
12148,"1,470","244,082","2,410"," 101,279 "
12149,610,"44,084",990," 44,529 "
12150,210,"24,691",470," 52,534 "
12151,180,"28,230",440," 64,159 "
12153,210,"28,187",490," 57,524 "
12154,770,"87,011","1,450"," 60,008 "
12155,450,"31,490",760," 41,434 "
12156,230,"26,462",430," 61,540 "
12157,920,"95,008","1,800"," 52,782 "
12158,"1,860","205,371","3,130"," 65,614 "
12159,"2,450","534,191","4,360"," 122,521 "
12160,220,"21,198",440," 48,177 "
12164,110,"13,070",270," 48,407 "
12165,70,"21,830",210," 103,952 "
12166,410,"28,271",660," 42,835 "
12167,510,"50,039","1,130"," 44,282 "
12168,380,"47,814",940," 50,866 "
12169,70,"8,874",160," 55,463 "
12170,"1,350","147,172","2,570"," 57,265 "
12173,360,"39,797",740," 53,780 "
12175,210,"16,139",340," 47,468 "
12176,80,"6,471",120," 53,925 "
12180,"12,050","1,106,505","22,980"," 48,151 "
12182,"3,850","317,044","7,070"," 44,844 "
12183,620,"57,083","1,430"," 39,918 "
12184,"1,790","231,252","3,280"," 70,504 "
12185,500,"60,326",960," 62,840 "
12186,"1,750","286,447","3,330"," 86,020 "
12187,220,"18,274",430," 42,498 "
12188,"2,890","347,457","5,920"," 58,692 "
12189,"4,550","433,397","9,090"," 47,678 "
12190,150,"17,347",360," 48,186 "
12192,320,"35,911",700," 51,301 "
12193,530,"61,184","1,050"," 58,270 "
12194,60,"5,515",110," 50,136 "
12196,870,"114,112","1,560"," 73,149 "
12197,490,"42,691",950," 44,938 "
12198,"2,140","269,851","4,000"," 67,463 "
12202,"3,010","115,021","4,250"," 27,064 "
12203,"4,530","960,540","13,530"," 70,993 "
12204,"1,900","253,208","3,750"," 67,522 "
12205,"6,330","780,313","14,790"," 52,759 "
12206,"4,770","221,638","6,950"," 31,890 "
12207,380,"20,341",670," 30,360 "
12208,"3,850","559,426","9,930"," 56,337 "
12209,"2,940","221,542","5,170"," 42,851 "
12210,"2,150","185,755","4,890"," 37,987 "
12211,"2,980","730,616","6,060"," 120,564 "
12302,"7,060","884,259","14,120"," 62,625 "
12303,"8,880","862,139","14,860"," 58,017 "
12304,"5,980","418,024","10,280"," 40,664 "
12305,560,"62,797","1,870"," 33,581 "
12306,"6,560","706,290","13,490"," 52,357 "
12307,"2,860","56,937","2,800"," 20,335 "
12308,"3,810","252,211","6,200"," 40,679 "
12309,"8,500","1,383,082","15,110"," 91,534 "
12401,"8,500","775,942","15,990"," 48,527 "
12404,880,"96,115","1,600"," 60,072 "
12405,150,"13,534",290," 46,669 "
12406,160,"12,098",310," 39,026 "
12407,60,"4,257",110," 38,700 "
12409,140,"37,741",480," 78,627 "
12410,60,"10,106",160," 63,163 "
12411,100,"11,544",230," 50,191 "
12412,160,"16,772",340," 49,329 "
12413,740,"56,484","1,350"," 41,840 "
12414,"2,420","216,498","4,590"," 47,167 "
12418,130,"15,718",260," 60,454 "
12419,190,"22,949",360," 63,747 "
12421,40,"10,756",160," 67,225 "
12422,70,"6,833",150," 45,553 "
12423,230,"21,846",480," 45,513 "
12424,40,"5,889",110," 53,536 "
12427,140,"9,182",220," 41,736 "
12428,"1,770","105,314","2,560"," 41,138 "
12430,200,"19,786",450," 43,969 "
12431,340,"36,226",730," 49,625 "
12433,70,"14,588",200," 72,940 "
12434,190,"11,777",340," 34,638 "
12435,110,"7,980",180," 44,333 "
12439,80,"8,328",180," 46,267 "
12440,390,"59,411",980," 60,623 "
12442,180,"23,837",470," 50,717 "
12443,970,"155,240","2,070"," 74,995 "
12444,60,"8,511",150," 56,740 "
12446,"1,210","110,482","2,160"," 51,149 "
12448,0,"4,648",100," 46,480 "
12449,850,"82,182","1,700"," 48,342 "
12451,420,"39,133",850," 46,039 "
12454,50,"4,647",110," 42,245 "
12455,310,"32,820",740," 44,351 "
12456,250,"16,327",400," 40,818 "
12457,110,"17,617",290," 60,748 "
12458,590,"47,206","1,080"," 43,709 "
12460,60,"6,231",140," 44,507 "
12461,330,"43,118",780," 55,279 "
12463,320,"37,528",730," 51,408 "
12464,170,"21,244",440," 48,282 "
12466,670,"86,450","1,590"," 54,371 "
12468,250,"20,540",480," 42,792 "
12469,160,"14,655",300," 48,850 "
12470,150,"8,674",220," 39,427 "
12472,360,"40,468",850," 47,609 "
12473,210,"21,266",420," 50,633 "
12474,250,"27,824",570," 48,814 "
12477,"4,360","459,981","8,730"," 52,690 "
12480,100,"11,815",280," 42,196 "
12481,270,"40,228",690," 58,301 "
12482,180,"13,787",370," 37,262 "
12484,650,"98,589","1,480"," 66,614 "
12485,210,"20,684",490," 42,212 "
12486,340,"45,468",770," 59,049 "
12487,690,"78,995","1,350"," 58,515 "
12491,470,"61,310","1,010"," 60,703 "
12492,30,"6,704",110," 60,945 "
12494,120,"22,918",340," 67,406 "
12495,40,"9,532",150," 63,547 "
12496,280,"38,115",690," 55,239 "
12498,770,"197,927","2,390"," 82,815 "
12501,530,"57,614","1,030"," 55,936 "
12502,220,"38,783",470," 82,517 "
12503,130,"27,823",300," 92,743 "
12508,"4,590","470,978","8,510"," 55,344 "
12513,180,"54,021",610," 88,559 "
12514,750,"127,561","1,350"," 94,490 "
12515,510,"39,976",790," 50,603 "
12516,370,"40,318",740," 54,484 "
12517,120,"12,111",210," 57,671 "
12518,"1,760","234,793","2,890"," 81,243 "
12520,930,"149,840","1,670"," 89,725 "
12521,380,"45,189",780," 57,935 "
12522,"1,190","119,044","2,230"," 53,383 "
12523,360,"48,578",880," 55,202 "
12524,"3,770","544,843","7,620"," 71,502 "
12525,960,"129,059","1,750"," 73,748 "
12526,910,"124,116","1,820"," 68,196 "
12528,"3,800","399,441","6,520"," 61,264 "
12529,500,"76,815","1,120"," 68,585 "
12531,930,"131,801","1,540"," 85,585 "
12533,"8,530","1,085,644","12,180"," 89,133 "
12534,"3,810","360,634","7,610"," 47,389 "
12538,"3,210","386,542","6,560"," 58,924 "
12540,"2,590","372,177","3,720"," 100,048 "
12542,"1,670","188,303","2,870"," 65,611 "
12543,900,"70,744","1,420"," 49,820 "
12545,"1,100","258,703","2,240"," 115,492 "
12546,670,"89,326","1,390"," 64,263 "
12547,840,"91,540","1,420"," 64,465 "
12548,420,"43,507",740," 58,793 "
12549,"3,250","347,710","4,990"," 69,681 "
12550,"18,800","1,270,043","24,860"," 51,088 "
12553,"7,780","736,175","12,150"," 60,591 "
12561,"3,460","490,204","7,140"," 68,656 "
12563,"1,980","248,708","3,530"," 70,456 "
12564,"1,970","294,398","3,340"," 88,143 "
12565,460,"31,421",800," 39,276 "
12566,"3,170","294,636","4,910"," 60,007 "
12567,650,"92,682","1,310"," 70,750 "
12569,"2,830","361,925","5,050"," 71,668 "
12570,"2,500","293,392","3,380"," 86,802 "
12571,"2,440","315,602","4,510"," 69,978 "
12572,"2,190","531,176","4,540"," 116,999 "
12575,750,"85,191","1,100"," 77,446 "
12577,680,"72,192",960," 75,200 "
12578,620,"90,340","1,130"," 79,947 "
12580,990,"142,380","1,890"," 75,333 "
12581,430,"86,440",980," 88,204 "
12582,"1,460","183,590","2,260"," 81,235 "
12583,600,"61,812","1,060"," 58,313 "
12585,260,"32,139",460," 69,867 "
12586,"3,970","347,144","6,030"," 57,569 "
12589,"3,860","401,925","6,700"," 59,989 "
12590,"10,280","1,181,527","17,800"," 66,378 "
12592,300,"33,425",590," 56,653 "
12594,"1,280","110,680","1,940"," 57,052 "
12601,"12,040","804,137","17,230"," 46,671 "
12603,"12,400","1,436,482","20,870"," 68,830 "
12701,"3,020","164,014","4,360"," 37,618 "
12719,210,"23,825",460," 51,793 "
12720,60,"10,946",120," 91,217 "
12721,"2,020","166,639","2,860"," 58,265 "
12723,300,"37,559",720," 52,165 "
12725,40,"8,180",150," 54,533 "
12726,250,"26,532",490," 54,147 "
12729,460,"39,030",870," 44,862 "
12732,190,"22,502",370," 60,816 "
12733,630,"7,899",240," 32,913 "
12734,460,"23,251",550," 42,275 "
12737,480,"42,502",800," 53,128 "
12738,70,"5,522",120," 46,017 "
12740,490,"53,010",920," 57,620 "
12741,90,"6,739",160," 42,119 "
12742,110,"6,994",170," 41,141 "
12743,70,"8,321",140," 59,436 "
12746,300,"25,322",560," 45,218 "
12747,420,"34,616",790," 43,818 "
12748,510,"47,968",920," 52,139 "
12750,50,"3,645",100," 36,450 "
12751,550,"14,108",400," 35,270 "
12752,60,"6,947",140," 49,621 "
12754,"2,240","124,593","2,860"," 43,564 "
12758,940,"80,555","1,700"," 47,385 "
12759,550,"21,112",600," 35,187 "
12760,100,"9,361",220," 42,550 "
12762,140,"12,797",260," 49,219 "
12763,230,"18,842",390," 48,313 "
12764,330,"36,183",730," 49,566 "
12765,250,"25,966",470," 55,247 "
12766,80,"6,695",140," 47,821 "
12768,190,"20,277",390," 51,992 "
12770,50,"4,782",100," 47,820 "
12771,"4,230","293,856","6,090"," 48,252 "
12775,740,"91,273","1,270"," 71,869 "
12776,420,"47,810",870," 54,954 "
12777,130,"23,908",330," 72,448 "
12779,990,"40,653","1,020"," 39,856 "
12780,640,"56,896","1,120"," 50,800 "
12783,370,"25,800",580," 44,483 "
12786,140,"18,707",300," 62,357 "
12787,110,"11,174",230," 48,583 "
12788,590,"47,331",940," 50,352 "
12789,510,"32,781",700," 46,830 "
12790,"1,100","111,895","2,200"," 50,861 "
12791,160,"18,890",340," 55,559 "
12792,110,"9,672",210," 46,057 "
12801,"3,610","324,155","7,640"," 42,429 "
12803,"2,180","187,139","4,190"," 44,663 "
12804,"6,820","843,328","13,470"," 62,608 "
12808,30,"10,592",170," 62,306 "
12809,860,"77,796","1,660"," 46,865 "
12810,140,"12,640",320," 39,500 "
12814,280,"53,673",920," 58,340 "
12815,210,"27,720",500," 55,440 "
12816,"1,090","103,121","2,110"," 48,873 "
12817,470,"55,298","1,100"," 50,271 "
12819,90,"5,251",130," 40,392 "
12821,70,"6,565",150," 43,767 "
12822,"1,610","121,682","2,800"," 43,458 "
12823,70,"7,331",140," 52,364 "
12824,140,"30,748",410," 74,995 "
12827,960,"88,515","1,910"," 46,343 "
12828,"2,500","210,109","4,650"," 45,185 "
12831,"5,320","556,415","8,320"," 66,877 "
12832,"1,570","117,699","2,710"," 43,431 "
12833,"1,200","148,722","2,230"," 66,691 "
12834,"1,680","171,956","3,170"," 54,245 "
12835,560,"58,434","1,260"," 46,376 "
12836,110,"17,381",320," 54,316 "
12837,180,"14,472",350," 41,349 "
12838,160,"14,425",330," 43,712 "
12839,"3,470","255,956","6,440"," 39,745 "
12842,200,"26,655",620," 42,992 "
12843,130,"12,461",260," 47,927 "
12844,40,"13,361",160," 83,506 "
12845,"1,050","184,885","2,580"," 71,661 "
12846,700,"72,557","1,620"," 44,788 "
12847,130,"16,651",370," 45,003 "
12849,150,"15,676",330," 47,503 "
12850,800,"89,898","1,390"," 64,675 "
12851,60,"6,039",160," 37,744 "
12852,90,"10,423",220," 47,377 "
12853,320,"26,635",640," 41,617 "
12855,40,"5,056",120," 42,133 "
12857,130,"11,811",280," 42,182 "
12859,630,"52,423","1,010"," 51,904 "
12860,150,"14,343",380," 37,745 "
12861,130,"16,136",290," 55,641 "
12863,200,"20,463",330," 62,009 "
12865,760,"76,544","1,610"," 47,543 "
12866,"8,350","3,149,980","18,890"," 166,754 "
12870,380,"36,236",790," 45,868 "
12871,"1,250","103,290","1,970"," 52,431 "
12873,150,"19,522",370," 52,762 "
12878,120,"11,702",300," 39,007 "
12883,"1,290","102,513","2,300"," 44,571 "
12885,"1,090","89,553","2,210"," 40,522 "
12886,70,"5,176",110," 47,055 "
12887,"1,290","91,280","2,150"," 42,456 "
12901,"6,470","700,929","14,200"," 49,361 "
12903,250,"46,241",780," 59,283 "
12910,410,"31,456",740," 42,508 "
12912,470,"43,165","1,000"," 43,165 "
12913,280,"24,855",530," 46,896 "
12914,250,"13,308",340," 39,141 "
12916,640,"35,797",900," 39,774 "
12917,460,"24,786",600," 41,310 "
12918,580,"59,047","1,180"," 50,040 "
12919,880,"71,546","1,590"," 44,997 "
12920,610,"47,866","1,000"," 47,866 "
12921,630,"65,860","1,200"," 54,883 "
12923,130,"9,747",210," 46,414 "
12926,520,"35,302",900," 39,224 "
12928,520,"41,853",900," 46,503 "
12930,170,"10,745",280," 38,375 "
12932,270,"29,464",640," 46,038 "
12934,250,"16,457",410," 40,139 "
12935,360,"30,871",690," 44,741 "
12936,150,"16,564",310," 53,432 "
12937,420,"23,800",610," 39,016 "
12941,290,"29,998",630," 47,616 "
12942,120,"21,686",340," 63,782 "
12943,80,"12,354",220," 56,155 "
12944,950,"78,125","1,790"," 43,645 "
12945,160,"16,722",340," 49,182 "
12946,"1,070","184,207","2,760"," 66,742 "
12950,220,"13,514",340," 39,747 "
12952,110,"12,540",260," 48,231 "
12953,"2,780","223,203","4,840"," 46,116 "
12955,80,"6,757",150," 45,047 "
12956,290,"19,282",500," 38,564 "
12957,440,"26,008",710," 36,631 "
12958,490,"38,069",840," 45,320 "
12959,350,"25,645",600," 42,742 "
12960,280,"22,151",470," 47,130 "
12961,60,"5,201",120," 43,342 "
12962,"1,400","145,988","2,600"," 56,149 "
12965,160,"7,551",210," 35,957 "
12966,810,"47,073","1,190"," 39,557 "
12967,380,"18,681",440," 42,457 "
12969,60,"7,764",160," 48,525 "
12970,50,"6,719",160," 41,994 "
12972,"1,690","174,660","2,990"," 58,415 "
12974,320,"26,464",650," 40,714 "
12978,120,"8,151",190," 42,900 "
12979,520,"58,474","1,200"," 48,728 "
12980,340,"22,518",560," 40,211 "
12981,510,"55,166","1,090"," 50,611 "
12983,"1,540","187,657","3,580"," 52,418 "
12985,260,"19,310",460," 41,978 "
12986,"1,290","130,248","2,640"," 49,336 "
12987,70,"6,072",130," 46,708 "
12989,170,"22,110",440," 50,250 "
12992,"1,250","103,421","2,290"," 45,162 "
12993,370,"43,172",790," 54,648 "
12996,400,"44,791",930," 48,162 "
12997,240,"25,479",540," 47,183 "
12998,140,"7,779",210," 37,043 "
13021,"9,630","941,159","18,440"," 51,039 "
13026,350,"38,767",660," 58,738 "
13027,"9,180","1,089,119","16,320"," 66,735 "
13028,290,"25,435",570," 44,623 "
13029,"2,040","226,602","3,480"," 65,116 "
13030,910,"108,691","2,030"," 53,542 "
13031,"4,260","528,846","8,290"," 63,793 "
13032,"3,230","277,596","5,860"," 47,371 "
13033,"1,110","81,642","1,720"," 47,466 "
13034,450,"44,669",900," 49,632 "
13035,"2,240","386,108","3,820"," 101,075 "
13036,"2,350","200,761","4,180"," 48,029 "
13037,"2,500","238,813","4,350"," 54,900 "
13039,"5,220","575,350","8,650"," 66,514 "
13040,730,"50,097","1,170"," 42,818 "
13041,"3,300","324,521","5,470"," 59,327 "
13042,580,"47,658","1,040"," 45,825 "
13044,640,"62,473","1,270"," 49,191 "
13045,"5,890","547,575","11,370"," 48,160 "
13052,550,"40,418",890," 45,413 "
13053,"1,120","118,957","2,210"," 53,827 "
13054,460,"30,657",720," 42,579 "
13057,"3,730","400,488","7,940"," 50,439 "
13060,810,"71,557","1,470"," 48,678 "
13061,250,"27,337",510," 53,602 "
13063,580,"54,730",920," 59,489 "
13066,"3,500","763,277","6,460"," 118,154 "
13068,"1,270","130,683","2,510"," 52,065 "
13069,"7,010","467,354","10,750"," 43,475 "
13071,240,"22,980",480," 47,875 "
13072,190,"13,223",370," 35,738 "
13073,"1,680","152,513","3,030"," 50,334 "
13074,"1,240","79,460","1,910"," 41,602 "
13076,660,"51,645","1,130"," 45,704 "
13077,"1,810","165,118","3,200"," 51,599 "
13078,"2,760","479,954","4,430"," 108,342 "
13080,"1,000","88,343","1,820"," 48,540 "
13081,280,"29,996",510," 58,816 "
13082,"1,160","112,723","2,360"," 47,764 "
13083,520,"34,890",780," 44,731 "
13084,"1,140","135,113","2,200"," 61,415 "
13088,"4,840","589,261","11,820"," 49,853 "
13090,"8,750","900,385","15,420"," 58,391 "
13092,680,"54,990","1,130"," 48,664 "
13101,720,"50,302","1,180"," 42,629 "
13103,140,"4,888",170," 28,753 "
13104,"5,310","907,431","7,680"," 118,155 "
13108,"1,810","209,886","3,130"," 67,056 "
13110,550,"66,666","1,150"," 57,970 "
13111,460,"28,324",710," 39,893 "
13112,470,"50,414",910," 55,400 "
13114,"1,790","144,357","2,960"," 48,769 "
13116,"1,030","92,576","1,790"," 51,718 "
13118,"1,410","116,927","2,440"," 47,921 "
13120,760,"47,240","1,050"," 44,990 "
13122,350,"28,744",520," 55,277 "
13126,"7,820","733,498","14,410"," 50,902 "
13131,"1,070","77,788","1,700"," 45,758 "
13132,"1,040","95,382","1,900"," 50,201 "
13135,"1,980","155,726","3,110"," 50,073 "
13136,130,"7,120",220," 32,364 "
13140,"1,180","80,686","1,980"," 40,751 "
13141,210,"13,926",340," 40,959 "
13142,"1,710","135,599","2,810"," 48,256 "
13143,850,"49,845","1,130"," 44,111 "
13144,390,"21,493",530," 40,553 "
13145,490,"39,204",890," 44,049 "
13146,610,"38,863",890," 43,666 "
13147,310,"26,435",540," 48,954 "
13148,"2,580","243,767","4,990"," 48,851 "
13152,"2,130","462,255","3,990"," 115,853 "
13155,250,"12,204",310," 39,368 "
13156,460,"40,526",810," 50,032 "
13158,400,"25,987",660," 39,374 "
13159,"1,500","167,160","2,500"," 66,864 "
13160,490,"49,718",950," 52,335 "
13164,910,"75,382","1,230"," 61,286 "
13165,"2,740","212,493","5,090"," 41,747 "
13166,"1,500","124,762","2,750"," 45,368 "
13167,870,"79,427","1,570"," 50,590 "
13202,"1,250","73,344","1,800"," 40,747 "
13203,"4,050","235,110","6,270"," 37,498 "
13204,"5,670","243,667","7,890"," 30,883 "
13205,"5,450","224,473","7,380"," 30,416 "
13206,"4,020","310,018","8,290"," 37,397 "
13207,"4,090","243,747","6,030"," 40,422 "
13208,"6,660","275,292","9,280"," 29,665 "
13209,"3,290","305,405","6,830"," 44,715 "
13210,"3,000","240,018","6,040"," 39,738 "
13211,"1,700","115,917","3,280"," 35,341 "
13212,"4,790","496,591","10,630"," 46,716 "
13214,"2,020","241,655","3,790"," 63,761 "
13215,"4,160","544,979","7,150"," 76,221 "
13219,"3,950","436,981","8,190"," 53,355 "
13224,"2,330","276,846","4,210"," 65,759 "
13302,450,"22,883",630," 36,322 "
13303,330,"31,676",540," 58,659 "
13304,440,"60,432",900," 67,147 "
13308,920,"66,023","1,520"," 43,436 "
13309,"1,430","118,938","2,660"," 44,714 "
13310,180,"12,297",310," 39,668 "
13314,130,"7,888",220," 35,855 "
13315,350,"26,093",600," 43,488 "
13316,"1,710","124,973","2,860"," 43,697 "
13317,980,"75,396","1,670"," 45,147 "
13318,350,"27,170",620," 43,823 "
13319,260,"17,046",440," 38,741 "
13320,470,"39,098",880," 44,430 "
13322,300,"27,643",580," 47,660 "
13323,"2,170","327,062","4,690"," 69,736 "
13324,490,"37,489",890," 42,122 "
13325,250,"16,935",450," 37,633 "
13326,"1,190","193,489","2,610"," 74,134 "
13327,600,"40,837",980," 41,670 "
13328,270,"27,975",560," 49,955 "
13329,980,"62,891","1,570"," 40,058 "
13331,30,"8,171",150," 54,473 "
13332,770,"45,831","1,090"," 42,047 "
13334,350,"23,407",560," 41,798 "
13335,450,"33,849",750," 45,132 "
13337,180,"27,293",400," 68,233 "
13338,280,"25,381",600," 42,302 "
13339,"1,800","101,061","2,590"," 39,020 "
13340,"2,080","171,540","3,690"," 46,488 "
13343,430,"36,357",800," 45,446 "
13346,860,"134,306","1,930"," 69,589 "
13348,350,"29,227",640," 45,667 "
13350,"2,150","166,171","4,010"," 41,439 "
13354,"1,000","86,373","1,620"," 53,317 "
13355,270,"16,541",390," 42,413 "
13357,"2,890","204,323","4,760"," 42,925 "
13360,100,"10,472",220," 47,600 "
13361,230,"11,064",260," 42,554 "
13363,630,"52,656","1,100"," 47,869 "
13365,"2,300","165,441","3,670"," 45,079 "
13367,"2,370","171,594","3,620"," 47,402 "
13368,310,"22,028",540," 40,793 "
13402,420,"27,664",650," 42,560 "
13403,"1,140","138,286","2,280"," 60,652 "
13406,150,"12,605",300," 42,017 "
13407,"1,290","101,912","2,420"," 42,112 "
13408,640,"55,141","1,120"," 49,233 "
13409,680,"47,149","1,100"," 42,863 "
13411,850,"53,357","1,350"," 39,524 "
13413,"3,900","637,591","7,790"," 81,847 "
13416,630,"47,384",950," 49,878 "
13417,720,"69,149","1,680"," 41,160 "
13420,280,"44,384",840," 52,838 "
13421,"3,570","298,848","6,330"," 47,211 "
13424,590,"57,821","1,110"," 52,091 "
13425,590,"38,317",910," 42,107 "
13428,420,"29,257",640," 45,714 "
13431,510,"46,088",890," 51,784 "
13433,480,"24,154",710," 34,020 "
13437,110,"8,868",210," 42,229 "
13438,780,"83,801","1,670"," 50,180 "
13439,940,"75,291","1,760"," 42,779 "
13440,"9,780","838,143","18,110"," 46,281 "
13450,60,"5,109",130," 39,300 "
13452,"1,190","76,428","1,870"," 40,871 "
13454,220,"13,940",340," 41,000 "
13456,"1,170","112,352","2,050"," 54,806 "
13459,470,"40,345",930," 43,382 "
13460,"1,210","89,001","2,140"," 41,589 "
13461,810,"89,744","1,610"," 55,742 "
13464,260,"17,347",500," 34,694 "
13468,120,"11,450",220," 52,045 "
13469,240,"20,490",380," 53,921 "
13470,130,"10,248",260," 39,415 "
13471,930,"53,248","1,390"," 38,308 "
13473,210,"15,652",350," 44,720 "
13476,870,"75,207","1,660"," 45,305 "
13477,360,"25,281",590," 42,849 "
13478,880,"72,502","1,500"," 48,335 "
13480,880,"73,218","1,550"," 47,237 "
13483,90,"4,417",110," 40,155 "
13485,320,"17,504",440," 39,782 "
13486,210,"20,712",420," 49,314 "
13488,70,"5,112",120," 42,600 "
13489,210,"13,205",300," 44,017 "
13490,380,"33,944",690," 49,194 "
13491,"1,010","77,496","1,660"," 46,684 "
13492,"3,000","338,753","5,980"," 56,648 "
13493,560,"32,398",840," 38,569 "
13494,60,"6,498",170," 38,224 "
13495,440,"43,711","1,050"," 41,630 "
13501,"10,910","543,791","14,670"," 37,068 "
13502,"7,810","557,799","14,060"," 39,673 "
13601,"9,860","750,706","16,720"," 44,899 "
13603,"5,380","118,828","3,690"," 32,203 "
13605,"1,390","95,143","1,970"," 48,296 "
13606,780,"63,990","1,270"," 50,386 "
13607,400,"53,548","1,020"," 52,498 "
13608,500,"27,248",650," 41,920 "
13612,820,"60,226","1,270"," 47,422 "
13613,660,"43,202","1,010"," 42,774 "
13614,90,"4,158",110," 37,800 "
13616,460,"27,476",800," 34,345 "
13617,"2,040","209,603","3,840"," 54,584 "
13618,400,"44,185",860," 51,378 "
13619,"2,980","190,984","4,340"," 44,006 "
13620,660,"36,215",870," 41,626 "
13621,180,"12,186",290," 42,021 "
13622,620,"54,457","1,050"," 51,864 "
13624,"1,100","118,494","2,250"," 52,664 "
13625,390,"44,801",850," 52,707 "
13626,550,"42,913",970," 44,240 "
13630,380,"21,618",540," 40,033 "
13634,"1,100","94,506","1,870"," 50,538 "
13635,260,"16,240",410," 39,610 "
13636,90,"5,844",140," 41,743 "
13637,"1,360","79,517","2,090"," 38,046 "
13638,140,"6,294",170," 37,024 "
13640,50,"17,011",220," 77,323 "
13642,"2,420","149,075","3,460"," 43,085 "
13646,530,"39,114",910," 42,982 "
13648,590,"42,604",950," 44,846 "
13650,360,"27,227",580," 46,943 "
13652,550,"28,840",750," 38,453 "
13654,510,"36,394",840," 43,326 "
13655,"1,720","46,217","1,390"," 33,250 "
13656,800,"46,275","1,140"," 40,592 "
13658,680,"47,773","1,040"," 45,936 "
13659,150,"11,381",250," 45,524 "
13660,580,"36,449",800," 45,561 "
13661,480,"32,410",700," 46,300 "
13662,"4,210","331,969","7,160"," 46,364 "
13664,110,"13,804",230," 60,017 "
13665,280,"15,623",400," 39,058 "
13667,820,"56,231","1,350"," 41,653 "
13668,860,"67,529","1,490"," 45,321 "
13669,"3,870","305,553","6,400"," 47,743 "
13670,130,"5,548",170," 32,635 "
13672,190,"16,026",360," 44,517 "
13673,710,"39,613",980," 40,421 "
13676,"2,640","267,461","4,850"," 55,147 "
13679,480,"37,503",830," 45,184 "
13680,320,"18,914",450," 42,031 "
13681,280,"13,331",360," 37,031 "
13682,260,"21,390",410," 52,171 "
13684,300,"19,815",480," 41,281 "
13685,570,"70,590","1,180"," 59,822 "
13687,100,"11,599",270," 42,959 "
13690,160,"15,127",360," 42,019 "
13691,890,"56,761","1,310"," 43,329 "
13693,110,"15,145",270," 56,093 "
13694,380,"41,244",700," 58,920 "
13696,60,"4,628",120," 38,567 "
13697,650,"38,873",930," 41,799 "
13730,620,"52,951","1,260"," 42,025 "
13731,180,"31,552",510," 61,867 "
13732,"2,240","236,619","3,900"," 60,672 "
13733,"1,220","100,628","2,250"," 44,724 "
13734,620,"43,279",990," 43,716 "
13736,620,"47,951","1,080"," 44,399 "
13739,220,"18,094",420," 43,081 "
13740,140,"12,304",230," 53,496 "
13743,"1,010","79,481","1,730"," 45,943 "
13744,290,"24,974",560," 44,596 "
13746,680,"61,192","1,260"," 48,565 "
13748,960,"86,670","1,790"," 48,419 "
13750,260,"18,241",470," 38,811 "
13751,70,"4,539",120," 37,825 "
13752,170,"14,772",350," 42,206 "
13753,930,"97,391","1,920"," 50,724 "
13754,810,"54,952","1,360"," 40,406 "
13755,310,"23,397",570," 41,047 "
13756,100,"8,368",220," 38,036 "
13757,210,"20,375",420," 48,512 "
13760,"10,540","1,116,296","21,430"," 52,090 "
13775,350,"36,590",750," 48,787 "
13776,130,"15,002",330," 45,461 "
13777,230,"16,798",400," 41,995 "
13778,"1,420","131,843","2,690"," 49,012 "
13780,270,"22,086",470," 46,991 "
13782,140,"12,984",310," 41,884 "
13783,600,"45,409","1,030"," 44,086 "
13786,80,"7,949",190," 41,837 "
13787,970,"60,719","1,530"," 39,686 "
13788,260,"18,936",420," 45,086 "
13790,"4,350","350,672","8,590"," 40,823 "
13795,980,"80,183","1,810"," 44,300 "
13796,280,"25,935",590," 43,958 "
13797,550,"38,412",920," 41,752 "
13801,310,"19,550",540," 36,204 "
13802,270,"20,342",440," 46,232 "
13803,"1,280","78,914","1,850"," 42,656 "
13804,100,"8,501",220," 38,641 "
13806,40,"4,315",110," 39,227 "
13807,320,"28,035",610," 45,959 "
13808,420,"35,176",780," 45,097 "
13809,410,"29,503",720," 40,976 "
13810,240,"20,436",510," 40,071 "
13811,"1,220","94,835","2,030"," 46,717 "
13812,580,"46,387","1,080"," 42,951 "
13813,240,"16,891",410," 41,198 "
13815,"3,270","282,724","6,030"," 46,886 "
13820,"3,540","389,909","7,780"," 50,117 "
13825,780,"68,947","1,540"," 44,771 "
13827,"2,900","274,410","5,310"," 51,678 "
13830,"1,260","94,110","2,200"," 42,777 "
13832,170,"10,138",270," 37,548 "
13833,"1,120","86,616","1,940"," 44,647 "
13835,360,"26,551",650," 40,848 "
13838,"1,160","85,547","1,950"," 43,870 "
13839,350,"25,329",650," 38,968 "
13841,130,"9,256",230," 40,243 "
13842,110,"10,028",210," 47,752 "
13843,440,"33,019",780," 42,332 "
13844,190,"12,859",330," 38,967 "
13846,70,"6,492",150," 43,280 "
13849,"1,050","93,006","2,000"," 46,503 "
13850,"5,290","724,189","10,060"," 71,987 "
13856,"1,420","113,768","2,690"," 42,293 "
13861,160,"15,526",330," 47,048 "
13862,"1,110","82,191","1,810"," 45,409 "
13863,140,"7,099",200," 35,495 "
13864,250,"20,614",510," 40,420 "
13865,"1,670","126,190","2,770"," 45,556 "
13901,"4,720","420,419","8,650"," 48,603 "
13903,"4,490","445,443","8,570"," 51,977 "
13904,"2,160","183,979","4,300"," 42,786 "
13905,"5,190","498,716","11,030"," 45,215 "
14001,"2,370","255,732","4,820"," 53,056 "
14004,"2,780","292,492","5,360"," 54,569 "
14005,570,"42,402",910," 46,596 "
14006,"2,290","229,556","4,840"," 47,429 "
14008,400,"33,654",720," 46,742 "
14009,"1,400","119,745","2,650"," 45,187 "
14011,"1,530","140,932","2,870"," 49,105 "
14012,730,"49,767","1,130"," 44,042 "
14013,540,"29,866",730," 40,912 "
14020,"4,940","454,944","10,050"," 45,268 "
14024,420,"32,568",720," 45,233 "
14025,820,"99,284","1,580"," 62,838 "
14026,180,"20,192",390," 51,774 "
14028,370,"42,484",730," 58,197 "
14030,420,"33,025",780," 42,340 "
14031,"2,560","589,304","4,910"," 120,021 "
14032,"3,040","412,713","4,040"," 102,157 "
14033,620,"83,647","1,170"," 71,493 "
14034,490,"39,969",880," 45,419 "
14036,"1,200","119,674","2,450"," 48,847 "
14037,290,"31,990",610," 52,443 "
14040,540,"56,331","1,120"," 50,296 "
14041,90,"3,601",100," 36,010 "
14042,"1,080","67,198","1,690"," 39,762 "
14043,"5,280","603,401","12,980"," 46,487 "
14047,"1,570","176,893","3,180"," 55,627 "
14048,"3,590","249,005","6,440"," 38,665 "
14051,"6,340","1,078,095","10,020"," 107,594 "
14052,"4,670","753,511","8,970"," 84,003 "
14054,390,"30,682",610," 50,298 "
14055,350,"36,512",720," 50,711 "
14057,"2,320","247,380","4,170"," 59,324 "
14058,700,"54,161","1,060"," 51,095 "
14059,"2,360","356,022","4,960"," 71,779 "
14060,90,"7,174",180," 39,856 "
14062,790,"71,056","1,530"," 46,442 "
14063,"2,560","269,941","5,110"," 52,826 "
14065,550,"31,815",770," 41,318 "
14066,280,"22,068",490," 45,037 "
14067,"1,310","116,674","2,400"," 48,614 "
14068,"1,970","296,223","3,580"," 82,744 "
14069,200,"25,978",450," 57,729 "
14070,"1,230","97,135","2,300"," 42,233 "
14072,"5,780","776,850","10,580"," 73,426 "
14075,"10,850","1,371,342","22,270"," 61,578 "
14080,"1,080","120,611","2,130"," 56,625 "
14081,800,"55,084","1,220"," 45,151 "
14082,120,"11,362",230," 49,400 "
14085,"2,370","264,580","3,740"," 70,743 "
14086,"9,570","1,091,542","17,210"," 63,425 "
14091,410,"25,656",590," 43,485 "
14092,"2,550","411,573","5,680"," 72,460 "
14094,"12,910","1,223,206","24,480"," 49,968 "
14098,830,"59,362","1,340"," 44,300 "
14101,450,"32,625",820," 39,787 "
14102,370,"39,457",670," 58,891 "
14103,"2,820","206,877","4,930"," 41,963 "
14105,"1,210","100,398","2,130"," 47,135 "
14108,"1,470","133,754","2,790"," 47,941 "
14111,940,"75,447","1,590"," 47,451 "
14113,230,"18,961",400," 47,403 "
14120,"10,900","1,208,028","22,520"," 53,642 "
14125,"1,130","80,389","1,760"," 45,676 "
14127,"8,560","1,508,082","15,640"," 96,425 "
14129,320,"25,934",570," 45,498 "
14131,"1,310","137,133","2,550"," 53,778 "
14132,"1,430","148,354","2,910"," 50,981 "
14134,70,"6,761",150," 45,073 "
14136,"1,300","101,782","2,310"," 44,061 "
14138,530,"35,014",850," 41,193 "
14139,600,"70,679","1,180"," 59,897 "
14141,"1,940","191,639","3,730"," 51,378 "
14143,290,"34,458",670," 51,430 "
14145,390,"38,093",770," 49,471 "
14150,"8,880","993,188","22,070"," 45,002 "
14167,380,"39,036",800," 48,795 "
14170,600,"80,647","1,260"," 64,006 "
14171,460,"43,672",960," 45,492 "
14172,880,"87,000","1,620"," 53,704 "
14174,"1,400","212,043","2,900"," 73,118 "
14201,"2,700","163,449","4,580"," 35,688 "
14202,550,"273,126","1,690"," 161,613 "
14203,280,"39,851",730," 54,590 "
14204,"2,340","90,886","3,270"," 27,794 "
14206,"5,130","307,089","9,490"," 32,359 "
14207,"7,320","241,264","9,310"," 25,915 "
14208,"2,780","99,360","3,640"," 27,297 "
14209,"1,320","233,799","3,470"," 67,377 "
14210,"4,000","197,787","6,330"," 31,246 "
14211,"7,460","209,384","8,600"," 24,347 "
14212,"3,260","112,904","4,150"," 27,206 "
14213,"7,090","235,592","9,060"," 26,004 "
14214,"4,030","371,775","7,600"," 48,918 "
14215,"12,630","493,727","16,580"," 29,778 "
14216,"4,740","636,533","11,260"," 56,530 "
14217,"5,280","570,413","11,710"," 48,712 "
14218,"5,010","319,257","8,900"," 35,872 "
14219,"2,670","259,906","6,140"," 42,330 "
14220,"5,950","485,045","11,640"," 41,671 "
14221,"13,750","2,385,456","27,280"," 87,443 "
14222,"1,520","443,200","6,020"," 73,621 "
14223,"5,610","624,819","12,400"," 50,389 "
14224,"9,610","1,137,990","21,400"," 53,177 "
14225,"7,690","715,228","17,630"," 40,569 "
14226,"7,300","1,036,167","14,510"," 71,411 "
14227,"4,660","554,415","11,990"," 46,240 "
14228,"4,800","544,043","9,180"," 59,264 "
14301,"3,190","137,057","5,110"," 26,821 "
14303,"1,530","66,189","2,430"," 27,238 "
14304,"7,060","663,877","15,250"," 43,533 "
14305,"4,610","264,741","7,330"," 36,117 "
14411,"3,180","229,108","5,480"," 41,808 "
14414,"1,880","184,496","3,480"," 53,016 "
14416,"1,040","93,476","1,910"," 48,940 "
14418,300,"27,806",570," 48,782 "
14420,"4,240","403,079","7,610"," 52,967 "
14422,560,"57,876","1,100"," 52,615 "
14423,"1,270","118,648","2,330"," 50,922 "
14424,"6,500","831,225","13,380"," 62,124 "
14425,"3,470","311,404","5,800"," 53,690 "
14427,570,"42,579",920," 46,282 "
14428,"2,260","260,964","4,440"," 58,776 "
14432,"1,460","125,385","2,640"," 47,494 "
14433,"1,410","81,946","1,990"," 41,179 "
14435,680,"87,183","1,450"," 60,126 "
14437,"2,410","194,392","4,350"," 44,688 "
14441,80,"6,992",170," 41,129 "
14445,"1,830","171,625","4,090"," 41,962 "
14450,"11,450","1,784,559","21,470"," 83,119 "
14454,"1,440","192,110","2,970"," 64,684 "
14456,"4,850","409,825","8,870"," 46,203 "
14462,210,"14,861",290," 51,245 "
14464,"2,030","162,737","3,460"," 47,034 "
14466,440,"41,277",850," 48,561 "
14467,"2,290","258,517","4,780"," 54,083 "
14468,"5,220","543,094","9,310"," 58,334 "
14469,"1,450","156,221","2,960"," 52,777 "
14470,"2,000","166,339","3,740"," 44,476 "
14471,480,"72,324","1,410"," 51,294 "
14472,"2,590","424,194","4,280"," 99,111 "
14475,120,"12,272",180," 68,178 "
14476,600,"52,059","1,040"," 50,057 "
14477,410,"37,288",760," 49,063 "
14478,200,"27,443",460," 59,659 "
14480,220,"20,559",460," 44,693 "
14481,420,"44,232",890," 49,699 "
14482,"2,160","208,313","4,050"," 51,435 "
14485,"1,100","102,033","1,980"," 51,532 "
14486,90,"8,542",160," 53,388 "
14487,"1,630","169,283","2,980"," 56,806 "
14489,"1,800","132,635","3,250"," 40,811 "
14502,"3,190","304,529","5,160"," 59,017 "
14504,390,"32,475",860," 37,762 "
14505,"1,430","122,054","2,590"," 47,125 "
14506,390,"69,404",610," 113,777 "
14507,350,"31,132",660," 47,170 "
14510,"1,420","90,259","2,190"," 41,214 "
14512,"1,190","117,848","2,300"," 51,238 "
14513,"3,530","269,089","6,410"," 41,980 "
14514,"1,870","164,415","2,910"," 56,500 "
14516,590,"50,765","1,080"," 47,005 "
14517,720,"57,912","1,280"," 45,244 "
14519,"3,250","350,642","5,920"," 59,230 "
14521,830,"56,555","1,280"," 44,184 "
14522,"2,430","213,410","4,440"," 48,065 "
14525,760,"65,057","1,340"," 48,550 "
14526,"5,950","838,861","10,590"," 79,213 "
14527,"3,410","274,678","5,800"," 47,358 "
14530,"1,470","115,840","2,490"," 46,522 "
14532,"1,200","104,107","2,160"," 48,198 "
14533,480,"35,312",770," 45,860 "
14534,"10,480","2,271,482","16,110"," 140,998 "
14536,180,"12,106",300," 40,353 "
14541,710,"52,132","1,040"," 50,127 "
14543,760,"117,706","1,750"," 67,261 "
14544,620,"54,588",960," 56,863 "
14546,"1,150","141,453","2,500"," 56,581 "
14548,"1,080","87,101","1,910"," 45,603 "
14550,460,"32,673",760," 42,991 "
14551,"1,560","105,392","2,570"," 41,009 "
14555,160,"27,544",490," 56,212 "
14559,"5,020","563,611","9,110"," 61,867 "
14560,470,"50,677","1,020"," 49,683 "
14561,850,"62,559","1,290"," 48,495 "
14564,"4,700","792,811","7,490"," 105,849 "
14568,"1,740","171,976","3,000"," 57,325 "
14569,"1,510","136,571","2,850"," 47,920 "
14571,320,"29,007",590," 49,164 "
14572,"1,280","96,819","2,260"," 42,840 "
14580,"14,520","1,866,237","26,670"," 69,975 "
14585,30,"6,458",150," 43,053 "
14586,"3,140","298,891","4,940"," 60,504 "
14589,"2,080","191,480","3,700"," 51,751 "
14590,"1,330","99,353","2,260"," 43,962 "
14591,410,"36,996",780," 47,431 "
14604,160,"56,503",910," 62,091 "
14605,"3,800","80,567","3,820"," 21,091 "
14606,"7,950","473,934","13,170"," 35,986 "
14607,"1,250","365,071","8,010"," 45,577 "
14608,"3,630","121,798","4,600"," 26,478 "
14609,"11,760","734,226","19,950"," 36,803 "
14610,"2,520","735,824","7,680"," 95,810 "
14611,"5,520","153,818","6,530"," 23,556 "
14612,"8,720","961,410","17,930"," 53,620 "
14613,"5,080","148,029","5,590"," 26,481 "
14614,40,"17,041",230," 74,091 "
14615,"4,690","278,360","7,970"," 34,926 "
14616,"7,420","611,909","14,850"," 41,206 "
14617,"6,480","706,442","12,510"," 56,470 "
14618,"5,950","1,097,087","10,430"," 105,186 "
14619,"4,660","214,670","6,600"," 32,526 "
14620,"3,270","479,637","10,760"," 44,576 "
14621,"10,440","292,532","12,110"," 24,156 "
14622,"2,620","323,150","6,680"," 48,376 "
14623,"3,810","397,123","9,360"," 42,428 "
14624,"9,520","1,016,158","19,570"," 51,924 "
14625,"2,550","419,166","5,620"," 74,585 "
14626,"7,430","865,833","15,800"," 54,800 "
14701,"9,550","646,437","16,570"," 39,012 "
14706,"1,580","162,081","2,740"," 59,154 "
14709,410,"28,765",660," 43,583 "
14710,820,"77,302","1,630"," 47,425 "
14711,570,"29,120",720," 40,444 "
14712,810,"107,083","1,560"," 68,643 "
14714,100,"6,497",170," 38,218 "
14715,790,"44,795","1,140"," 39,294 "
14716,580,"36,213",980," 36,952 "
14717,130,"11,861",300," 39,537 "
14718,450,"41,210",930," 44,312 "
14719,750,"58,958","1,410"," 41,814 "
14723,330,"22,674",560," 40,489 "
14724,840,"42,445","1,010"," 42,025 "
14726,360,"14,436",400," 36,090 "
14727,"1,250","110,445","2,310"," 47,812 "
14728,250,"23,711",470," 50,449 "
14729,200,"18,022",430," 41,912 "
14731,310,"48,494",770," 62,979 "
14733,"1,090","67,567","1,780"," 37,959 "
14735,830,"40,819","1,030"," 39,630 "
14736,120,"11,010",240," 45,875 "
14737,"1,010","68,996","1,700"," 40,586 "
14738,950,"71,058","1,660"," 42,806 "
14739,730,"39,751","1,110"," 35,812 "
14740,310,"22,152",530," 41,796 "
14741,460,"40,334",890," 45,319 "
14743,480,"35,131",820," 42,843 "
14744,310,"20,173",470," 42,921 "
14747,570,"37,612",990," 37,992 "
14748,220,"10,923",310," 35,235 "
14750,"1,160","146,980","2,270"," 64,749 "
14753,270,"19,799",500," 39,598 "
14754,160,"10,979",270," 40,663 "
14755,680,"51,561","1,240"," 41,581 "
14757,740,"68,235","1,510"," 45,189 "
14760,"4,450","381,042","8,390"," 45,416 "
14767,660,"28,473",730," 39,004 "
14769,200,"15,183",400," 37,958 "
14770,790,"60,030","1,330"," 45,135 "
14772,"1,190","71,683","1,640"," 43,709 "
14775,630,"41,838","1,090"," 38,383 "
14777,140,"11,962",300," 39,873 "
14779,"1,960","103,983","2,980"," 34,894 "
14781,680,"35,033",900," 38,926 "
14782,650,"39,325",980," 40,128 "
14784,270,"16,111",430," 37,467 "
14787,"1,110","102,194","2,330"," 43,860 "
14801,"1,600","92,608","2,260"," 40,977 "
14802,150,"19,295",410," 47,061 "
14803,300,"25,748",540," 47,681 "
14804,380,"30,857",630," 48,979 "
14805,280,"25,290",510," 49,588 "
14806,630,"45,437",960," 47,330 "
14807,770,"63,313","1,360"," 46,554 "
14808,180,"9,740",280," 34,786 "
14809,650,"44,443","1,130"," 39,330 "
14810,"2,720","215,559","5,160"," 41,775 "
14812,930,"67,582","1,500"," 45,055 "
14813,630,"43,508","1,050"," 41,436 "
14814,530,"69,826",990," 70,531 "
14815,240,"18,667",410," 45,529 "
14816,120,"15,238",300," 50,793 "
14817,570,"63,323","1,290"," 49,088 "
14818,390,"48,957",880," 55,633 "
14819,170,"9,533",280," 34,046 "
14820,200,"11,610",270," 43,000 "
14821,830,"71,118","1,530"," 46,482 "
14822,290,"20,000",500," 40,000 "
14823,"1,030","70,890","1,690"," 41,947 "
14824,180,"13,586",330," 41,170 "
14825,240,"18,308",400," 45,770 "
14826,520,"39,432",900," 43,813 "
14830,"5,140","629,023","9,520"," 66,074 "
14836,260,"22,463",480," 46,798 "
14837,"1,450","89,608","2,160"," 41,485 "
14838,540,"40,792",910," 44,826 "
14839,210,"12,165",280," 43,446 "
14840,590,"92,320","1,540"," 59,948 "
14841,180,"26,851",460," 58,372 "
14842,240,"19,360",340," 56,941 "
14843,"3,460","231,405","5,590"," 41,396 "
14845,"5,290","627,838","10,090"," 62,224 "
14846,180,"11,191",280," 39,968 "
14847,590,"52,403","1,130"," 46,374 "
14850,"9,660","1,602,222","22,500"," 71,210 "
14853,40,"6,210",170," 36,529 "
14855,390,"13,753",370," 37,170 "
14858,450,"35,312",710," 49,735 "
14859,290,"20,893",520," 40,179 "
14860,230,"23,304",500," 46,608 "
14861,330,"27,339",640," 42,717 "
14864,320,"23,382",570," 41,021 "
14865,580,"52,870","1,180"," 44,805 "
14867,"1,440","119,983","2,670"," 44,937 "
14869,340,"27,678",620," 44,642 "
14870,"2,640","330,596","4,570"," 72,340 "
14871,"1,050","128,822","2,210"," 58,290 "
14872,140,"11,389",290," 39,272 "
14873,650,"42,598","1,030"," 41,357 "
14874,50,"4,726",110," 42,964 "
14877,120,"8,223",200," 41,115 "
14878,170,"12,750",280," 45,536 "
14879,640,"39,994",960," 41,660 "
14880,360,"28,525",710," 40,176 "
14881,70,"6,161",150," 41,073 "
14882,"1,030","123,679","1,960"," 63,102 "
14883,"1,040","88,063","1,900"," 46,349 "
14884,70,"6,206",150," 41,373 "
14885,270,"11,026",310," 35,568 "
14886,"1,660","197,705","3,290"," 60,093 "
14889,420,"26,387",650," 40,595 "
14891,970,"91,372","2,050"," 44,572 "
14892,"2,100","160,347","3,700"," 43,337 "
14894,340,"26,725",620," 43,105 "
14895,"2,250","185,284","4,100"," 45,191 "
14897,260,"17,231",380," 45,345 "
14898,510,"22,986",580," 39,631 "
14901,"3,520","188,869","5,420"," 34,847 "
14903,"1,980","208,539","3,640"," 57,291 "
14904,"4,220","249,694","7,180"," 34,776 "
14905,"2,180","275,019","4,340"," 63,368 "
