Zip,Count,AGI,TotInc
10001,"13,720"," 152,671 "," 155,102 "
10002,"43,410"," 46,126 "," 46,847 "
10003,"29,340"," 209,104 "," 212,309 "
10004,"2,580"," 345,791 "," 350,690 "
10005,"5,660"," 944,134 "," 948,979 "
10006,"2,360"," 178,667 "," 181,589 "
10007,"3,460"," 495,034 "," 501,094 "
10009,"32,170"," 71,493 "," 72,640 "
10010,"17,270"," 198,265 "," 201,070 "
10011,"30,420"," 243,999 "," 247,752 "
10012,"12,780"," 209,909 "," 212,901 "
10013,"15,060"," 323,552 "," 327,691 "
10014,"18,950"," 256,532 "," 260,167 "
10016,"30,970"," 281,888 "," 284,626 "
10017,"11,870"," 343,702 "," 347,677 "
10018,"6,230"," 409,377 "," 413,021 "
10019,"24,200"," 249,619 "," 252,431 "
10021,"23,860"," 492,223 "," 497,786 "
10022,"19,780"," 507,418 "," 522,181 "
10023,"33,900"," 315,897 "," 320,409 "
10024,"30,820"," 296,975 "," 302,330 "
10025,"46,200"," 130,993 "," 133,870 "
10026,"17,660"," 56,260 "," 57,113 "
10027,"26,780"," 52,144 "," 52,937 "
10028,"25,370"," 353,583 "," 358,413 "
10029,"34,300"," 49,976 "," 50,632 "
10030,"13,240"," 35,650 "," 36,115 "
10031,"28,740"," 34,839 "," 35,315 "
10032,"31,540"," 31,745 "," 32,160 "
10033,"27,110"," 39,362 "," 40,031 "
10034,"20,340"," 37,578 "," 38,080 "
10035,"15,360"," 39,268 "," 39,685 "
10036,"17,980"," 205,240 "," 207,432 "
10037,"10,280"," 43,316 "," 43,757 "
10038,"12,300"," 115,943 "," 117,598 "
10039,"13,400"," 34,966 "," 35,313 "
10040,"21,670"," 37,321 "," 37,854 "
10044,"4,160"," 83,266 "," 84,510 "
10065,"15,670"," 445,683 "," 450,550 "
10069,"2,660"," 473,011 "," 479,819 "
10075,"14,330"," 407,789 "," 412,566 "
10128,"32,510"," 332,870 "," 337,516 "
10162,700," 253,209 "," 258,076 "
10280,"4,160"," 188,058 "," 190,950 "
10282,"2,400"," 403,407 "," 408,200 "
10301,"17,240"," 63,235 "," 64,033 "
10302,"7,710"," 46,984 "," 47,346 "
10303,"11,700"," 42,105 "," 42,383 "
10304,"18,950"," 63,494 "," 64,291 "
10305,"18,720"," 58,358 "," 58,923 "
10306,"25,970"," 67,205 "," 67,904 "
10307,"6,220"," 84,790 "," 85,777 "
10308,"13,300"," 70,303 "," 70,910 "
10309,"14,630"," 77,437 "," 78,297 "
10310,"10,990"," 56,964 "," 57,526 "
10312,"28,440"," 75,475 "," 76,205 "
10314,"39,620"," 65,435 "," 66,107 "
10451,"22,270"," 29,094 "," 29,320 "
10452,"35,350"," 24,538 "," 24,779 "
10453,"37,070"," 23,655 "," 23,886 "
10454,"15,220"," 23,924 "," 24,148 "
10455,"17,090"," 25,216 "," 25,438 "
10456,"38,800"," 23,629 "," 23,859 "
10457,"31,770"," 23,828 "," 24,069 "
10458,"33,010"," 25,982 "," 26,238 "
10459,"20,860"," 25,770 "," 25,988 "
10460,"24,700"," 25,510 "," 25,718 "
10461,"23,340"," 46,996 "," 47,376 "
10462,"38,370"," 38,648 "," 38,963 "
10463,"33,220"," 59,564 "," 60,322 "
10464,"2,140"," 76,270 "," 77,281 "
10465,"19,250"," 56,250 "," 56,628 "
10466,"31,640"," 35,477 "," 35,707 "
10467,"42,930"," 31,616 "," 31,886 "
10468,"35,240"," 26,791 "," 27,030 "
10469,"31,030"," 42,004 "," 42,324 "
10470,"7,390"," 46,759 "," 47,122 "
10471,"9,800"," 117,946 "," 119,775 "
10472,"27,360"," 27,435 "," 27,687 "
10473,"27,320"," 35,985 "," 36,220 "
10474,"4,690"," 25,805 "," 26,090 "
10475,"22,020"," 44,787 "," 45,022 "
10501,650," 147,971 "," 151,018 "
10502,"2,910"," 143,861 "," 146,621 "
10504,"5,360"," 418,180 "," 424,361 "
10505,570," 110,135 "," 111,928 "
10506,"2,830"," 360,274 "," 368,143 "
10507,"2,590"," 172,008 "," 174,624 "
10509,"9,710"," 81,709 "," 82,862 "
10510,"4,870"," 258,647 "," 264,188 "
10511,"1,130"," 68,320 "," 68,873 "
10512,"12,330"," 81,088 "," 82,040 "
10514,"5,480"," 428,743 "," 437,730 "
10516,"2,780"," 98,957 "," 101,252 "
10518,740," 142,145 "," 145,524 "
10520,"6,350"," 125,011 "," 127,058 "
10522,"5,210"," 128,160 "," 130,926 "
10523,"4,830"," 67,307 "," 68,057 "
10524,"2,050"," 162,950 "," 165,681 "
10526,"1,040"," 139,929 "," 143,270 "
10527,420," 142,855 "," 145,312 "
10528,"5,750"," 229,457 "," 232,800 "
10530,"7,090"," 127,834 "," 129,770 "
10532,"2,630"," 90,471 "," 91,570 "
10533,"3,830"," 216,932 "," 221,824 "
10535,370," 61,222 "," 62,286 "
10536,"5,280"," 256,353 "," 260,957 "
10537,"1,180"," 60,845 "," 61,540 "
10538,"8,060"," 357,550 "," 364,500 "
10541,"12,330"," 83,082 "," 84,069 "
10543,"9,600"," 145,265 "," 147,791 "
10546,710," 211,203 "," 215,420 "
10547,"3,540"," 75,684 "," 76,558 "
10548,"1,570"," 78,092 "," 79,125 "
10549,"8,240"," 200,181 "," 203,504 "
10550,"18,270"," 35,318 "," 35,578 "
10552,"10,680"," 72,263 "," 73,122 "
10553,"5,670"," 46,871 "," 47,179 "
10560,"2,180"," 188,856 "," 192,965 "
10562,"16,030"," 76,451 "," 77,633 "
10566,"12,120"," 53,165 "," 53,646 "
10567,"9,530"," 99,504 "," 101,002 "
10570,"5,940"," 161,919 "," 165,129 "
10573,"18,800"," 88,553 "," 89,978 "
10576,"2,450"," 286,176 "," 293,038 "
10577,"1,520"," 670,894 "," 678,439 "
10578,450," 85,880 "," 87,331 "
10579,"4,340"," 90,446 "," 91,596 "
10580,"8,060"," 483,846 "," 490,540 "
10583,"18,850"," 394,221 "," 400,898 "
10588,"1,300"," 79,482 "," 80,811 "
10589,"4,520"," 121,655 "," 123,430 "
10590,"3,150"," 164,184 "," 168,301 "
10591,"11,670"," 115,088 "," 116,607 "
10594,"2,520"," 117,382 "," 119,240 "
10595,"3,150"," 116,892 "," 118,345 "
10597,510," 334,955 "," 343,525 "
10598,"14,410"," 110,305 "," 111,757 "
10601,"6,050"," 126,123 "," 128,186 "
10603,"10,020"," 73,572 "," 74,503 "
10604,"5,560"," 120,837 "," 122,744 "
10605,"10,060"," 135,642 "," 138,331 "
10606,"8,150"," 73,553 "," 74,862 "
10607,"3,940"," 84,247 "," 85,370 "
10701,"28,220"," 43,985 "," 44,421 "
10703,"10,390"," 50,658 "," 51,092 "
10704,"16,480"," 59,587 "," 60,114 "
10705,"17,900"," 43,830 "," 44,271 "
10706,"4,500"," 157,788 "," 161,624 "
10707,"5,090"," 105,669 "," 107,227 "
10708,"11,400"," 272,023 "," 275,526 "
10709,"4,730"," 124,442 "," 126,339 "
10710,"13,970"," 72,579 "," 73,427 "
10801,"18,080"," 63,607 "," 64,408 "
10803,"6,030"," 202,282 "," 206,517 "
10804,"7,200"," 208,335 "," 213,441 "
10805,"9,030"," 65,036 "," 65,874 "
10901,"11,600"," 101,277 "," 103,004 "
10913,"2,500"," 123,861 "," 125,530 "
10916,"2,130"," 93,349 "," 94,911 "
10917,"1,000"," 86,271 "," 87,699 "
10918,"5,430"," 75,863 "," 76,782 "
10919,590," 67,014 "," 67,688 "
10920,"4,460"," 81,245 "," 82,144 "
10921,"2,160"," 70,392 "," 71,183 "
10923,"4,750"," 60,884 "," 61,476 "
10924,"6,050"," 88,768 "," 90,310 "
10925,"2,540"," 65,445 "," 66,177 "
10926,"1,880"," 67,141 "," 67,945 "
10927,"5,980"," 38,397 "," 38,795 "
10928,"2,240"," 51,604 "," 52,056 "
10930,"4,390"," 85,577 "," 86,533 "
10931,490," 53,910 "," 54,237 "
10940,"23,130"," 50,382 "," 50,863 "
10941,"6,780"," 58,047 "," 58,666 "
10950,"16,850"," 68,116 "," 68,880 "
10952,"12,290"," 84,841 "," 86,706 "
10954,"12,210"," 77,304 "," 78,217 "
10956,"15,960"," 111,260 "," 113,071 "
10958,"1,590"," 66,228 "," 67,174 "
10960,"7,660"," 94,313 "," 96,311 "
10962,"2,590"," 95,405 "," 96,588 "
10963,"1,200"," 60,769 "," 61,196 "
10964,730," 193,755 "," 198,123 "
10965,"7,560"," 94,131 "," 95,169 "
10968,"1,210"," 123,104 "," 125,911 "
10969,610," 61,695 "," 62,826 "
10970,"5,080"," 75,881 "," 76,825 "
10973,"1,110"," 69,885 "," 70,773 "
10974,"1,540"," 81,066 "," 82,173 "
10975,140," 60,157 "," 61,279 "
10976,840," 65,729 "," 66,620 "
10977,"24,790"," 50,750 "," 51,313 "
10980,"7,010"," 78,274 "," 78,989 "
10983,"2,930"," 95,111 "," 96,247 "
10984,"1,310"," 79,667 "," 80,357 "
10985,180," 65,794 "," 67,161 "
10986,900," 88,326 "," 89,590 "
10987,"1,820"," 164,626 "," 167,923 "
10989,"4,940"," 86,034 "," 87,143 "
10990,"9,660"," 98,546 "," 100,017 "
10992,"4,770"," 71,944 "," 72,691 "
10993,"2,480"," 44,469 "," 44,731 "
10994,"3,820"," 108,680 "," 110,607 "
10996,"1,250"," 62,954 "," 63,421 "
10998,"1,500"," 72,183 "," 72,988 "
11001,"13,660"," 81,981 "," 82,887 "
11003,"23,190"," 48,839 "," 49,238 "
11004,"6,690"," 62,860 "," 63,606 "
11005,"1,470"," 119,426 "," 120,515 "
11010,"12,340"," 70,106 "," 70,873 "
11020,"3,020"," 180,216 "," 183,617 "
11021,"9,290"," 160,165 "," 164,055 "
11023,"3,910"," 172,307 "," 176,584 "
11024,"3,190"," 326,438 "," 335,745 "
11030,"8,510"," 318,853 "," 324,483 "
11040,"20,930"," 92,339 "," 93,627 "
11050,"14,680"," 173,486 "," 177,286 "
11096,"3,780"," 37,227 "," 37,609 "
11101,"15,150"," 64,212 "," 65,058 "
11102,"19,520"," 45,609 "," 46,235 "
11103,"20,780"," 45,951 "," 46,639 "
11104,"15,070"," 50,810 "," 51,502 "
11105,"19,470"," 51,945 "," 52,684 "
11106,"21,910"," 47,341 "," 48,005 "
11109,"3,460"," 133,530 "," 135,234 "
11201,"29,680"," 172,262 "," 175,124 "
11203,"36,830"," 36,567 "," 36,808 "
11204,"31,820"," 50,499 "," 51,216 "
11205,"18,110"," 55,531 "," 56,508 "
11206,"35,070"," 32,688 "," 33,139 "
11207,"41,190"," 29,292 "," 29,523 "
11208,"41,860"," 28,178 "," 28,410 "
11209,"33,670"," 67,624 "," 68,601 "
11210,"29,050"," 64,995 "," 65,990 "
11211,"30,520"," 58,709 "," 59,701 "
11212,"36,910"," 28,258 "," 28,471 "
11213,"28,280"," 34,122 "," 34,505 "
11214,"38,430"," 40,677 "," 41,176 "
11215,"34,930"," 111,153 "," 113,518 "
11216,"27,520"," 39,861 "," 40,426 "
11217,"18,380"," 105,618 "," 107,585 "
11218,"32,840"," 49,462 "," 50,313 "
11219,"33,100"," 41,234 "," 41,876 "
11220,"51,970"," 26,169 "," 26,501 "
11221,"36,490"," 31,966 "," 32,306 "
11222,"22,060"," 57,198 "," 58,239 "
11223,"31,240"," 63,109 "," 63,894 "
11224,"19,420"," 36,923 "," 37,408 "
11225,"29,940"," 41,023 "," 41,524 "
11226,"50,400"," 34,180 "," 34,558 "
11228,"18,670"," 57,905 "," 58,632 "
11229,"34,960"," 54,993 "," 55,825 "
11230,"33,900"," 64,233 "," 65,412 "
11231,"16,950"," 110,669 "," 112,897 "
11232,"12,600"," 34,577 "," 35,093 "
11233,"29,660"," 34,313 "," 34,632 "
11234,"41,180"," 58,859 "," 59,490 "
11235,"36,820"," 52,306 "," 53,079 "
11236,"46,150"," 39,808 "," 40,076 "
11237,"22,710"," 30,163 "," 30,626 "
11238,"29,270"," 70,529 "," 71,817 "
11239,"6,790"," 36,548 "," 36,780 "
11354,"28,390"," 35,534 "," 36,064 "
11355,"47,600"," 27,044 "," 27,469 "
11356,"11,830"," 43,040 "," 43,558 "
11357,"19,350"," 75,947 "," 76,951 "
11358,"18,250"," 55,171 "," 55,994 "
11360,"9,940"," 84,112 "," 85,379 "
11361,"13,570"," 62,482 "," 63,312 "
11362,"8,570"," 74,537 "," 75,580 "
11363,"3,370"," 110,046 "," 112,203 "
11364,"17,610"," 63,392 "," 64,249 "
11365,"20,170"," 54,271 "," 54,951 "
11366,"6,590"," 63,717 "," 64,625 "
11367,"18,240"," 54,602 "," 55,466 "
11368,"46,510"," 26,934 "," 27,228 "
11369,"17,340"," 33,848 "," 34,179 "
11370,"13,000"," 41,194 "," 41,697 "
11372,"34,560"," 39,923 "," 40,488 "
11373,"49,090"," 31,378 "," 31,765 "
11374,"22,240"," 55,528 "," 56,295 "
11375,"35,280"," 83,848 "," 85,221 "
11377,"44,400"," 37,662 "," 38,127 "
11378,"17,100"," 49,710 "," 50,221 "
11379,"17,330"," 61,860 "," 62,424 "
11385,"47,450"," 40,653 "," 41,061 "
11411,"10,590"," 47,790 "," 48,062 "
11412,"18,430"," 40,227 "," 40,467 "
11413,"20,830"," 44,883 "," 45,169 "
11414,"12,720"," 63,694 "," 64,303 "
11415,"9,480"," 58,866 "," 59,825 "
11416,"11,740"," 32,395 "," 32,699 "
11417,"14,400"," 39,923 "," 40,246 "
11418,"16,990"," 38,978 "," 39,437 "
11419,"22,960"," 31,800 "," 32,109 "
11420,"21,780"," 38,234 "," 38,544 "
11421,"19,920"," 37,173 "," 37,498 "
11422,"15,860"," 45,762 "," 46,051 "
11423,"14,870"," 43,730 "," 44,203 "
11426,"9,180"," 57,067 "," 57,676 "
11427,"11,490"," 54,114 "," 54,789 "
11428,"9,880"," 43,110 "," 43,451 "
11429,"12,740"," 40,558 "," 40,837 "
11430,170," 49,771 "," 49,988 "
11432,"27,300"," 43,613 "," 44,188 "
11433,"15,530"," 33,301 "," 33,554 "
11434,"31,030"," 39,465 "," 39,714 "
11435,"25,610"," 38,306 "," 38,688 "
11436,"9,030"," 37,033 "," 37,276 "
11501,"10,480"," 71,903 "," 72,765 "
11507,"3,760"," 114,231 "," 116,350 "
11509,"1,330"," 175,300 "," 179,375 "
11510,"17,540"," 69,488 "," 70,252 "
11514,"2,460"," 75,824 "," 76,715 "
11516,"3,260"," 124,598 "," 127,289 "
11518,"5,460"," 101,498 "," 102,829 "
11520,"23,100"," 48,158 "," 48,620 "
11530,"14,180"," 223,282 "," 226,916 "
11542,"13,290"," 74,488 "," 75,674 "
11545,"6,050"," 297,560 "," 302,465 "
11548,650," 112,352 "," 114,794 "
11550,"28,050"," 38,056 "," 38,346 "
11552,"12,610"," 71,738 "," 72,800 "
11553,"14,050"," 40,534 "," 40,818 "
11554,"19,530"," 74,388 "," 75,375 "
11557,"4,040"," 174,709 "," 178,657 "
11558,"3,980"," 69,561 "," 70,478 "
11559,"3,780"," 313,387 "," 318,313 "
11560,"3,400"," 295,183 "," 298,939 "
11561,"18,770"," 88,026 "," 89,381 "
11563,"11,420"," 79,234 "," 80,162 "
11565,"4,730"," 93,762 "," 95,079 "
11566,"18,060"," 110,476 "," 112,559 "
11568,"1,700"," 532,105 "," 540,338 "
11570,"14,130"," 133,908 "," 136,231 "
11572,"15,680"," 85,598 "," 86,952 "
11575,"8,820"," 37,203 "," 37,453 "
11576,"6,250"," 251,662 "," 257,950 "
11577,"5,860"," 171,522 "," 175,437 "
11579,"2,600"," 131,167 "," 133,767 "
11580,"21,210"," 61,661 "," 62,230 "
11581,"10,670"," 80,719 "," 81,904 "
11590,"25,050"," 62,593 "," 63,321 "
11596,"5,360"," 107,186 "," 108,984 "
11598,"5,850"," 165,373 "," 169,951 "
11691,"21,710"," 37,362 "," 37,844 "
11692,"8,090"," 35,142 "," 35,417 "
11693,"5,380"," 46,644 "," 47,034 "
11694,"8,290"," 90,330 "," 91,244 "
11697,"1,870"," 89,935 "," 90,766 "
11701,"14,610"," 51,978 "," 52,552 "
11702,"7,570"," 95,294 "," 96,530 "
11703,"9,080"," 61,782 "," 62,316 "
11704,"20,410"," 56,991 "," 57,453 "
11705,"3,960"," 97,117 "," 98,725 "
11706,"31,660"," 52,492 "," 53,009 "
11709,"3,460"," 93,486 "," 95,142 "
11710,"17,760"," 90,202 "," 91,577 "
11713,"5,260"," 62,423 "," 63,378 "
11714,"12,330"," 69,876 "," 70,561 "
11715,"2,360"," 86,896 "," 87,980 "
11716,"5,520"," 70,064 "," 70,913 "
11717,"31,740"," 34,171 "," 34,365 "
11718,"1,740"," 135,027 "," 137,138 "
11719,"1,610"," 85,173 "," 86,498 "
11720,"14,420"," 67,419 "," 68,058 "
11721,"3,230"," 139,668 "," 142,649 "
11722,"18,950"," 39,992 "," 40,218 "
11724,"1,710"," 281,313 "," 287,309 "
11725,"14,410"," 98,170 "," 99,815 "
11726,"10,790"," 44,570 "," 44,928 "
11727,"14,320"," 60,481 "," 60,992 "
11729,"14,550"," 58,614 "," 59,108 "
11730,"7,270"," 88,664 "," 89,690 "
11731,"14,910"," 89,123 "," 90,369 "
11732,"1,840"," 133,801 "," 136,511 "
11733,"8,610"," 214,606 "," 217,024 "
11735,"17,140"," 75,891 "," 76,773 "
11738,"8,290"," 63,408 "," 63,948 "
11740,"4,550"," 98,402 "," 100,027 "
11741,"14,180"," 72,539 "," 73,246 "
11742,"6,970"," 70,541 "," 71,237 "
11743,"21,860"," 147,660 "," 150,529 "
11746,"33,360"," 92,258 "," 94,044 "
11747,"10,530"," 214,556 "," 217,625 "
11749,"1,800"," 61,216 "," 61,997 "
11751,"7,710"," 77,569 "," 78,490 "
11752,"5,240"," 63,080 "," 63,661 "
11753,"6,440"," 207,064 "," 211,590 "
11754,"9,420"," 83,836 "," 84,802 "
11755,"6,110"," 82,026 "," 82,944 "
11756,"22,880"," 67,318 "," 67,868 "
11757,"23,370"," 57,744 "," 58,281 "
11758,"28,390"," 88,069 "," 89,137 "
11762,"11,590"," 90,317 "," 91,273 "
11763,"14,530"," 59,491 "," 60,001 "
11764,"6,290"," 99,623 "," 100,992 "
11765,330," 498,130 "," 504,076 "
11766,"6,170"," 107,474 "," 109,033 "
11767,"7,150"," 90,695 "," 91,869 "
11768,"10,870"," 133,355 "," 136,096 "
11769,"5,000"," 82,265 "," 83,355 "
11771,"5,150"," 231,804 "," 236,033 "
11772,"22,370"," 56,413 "," 57,013 "
11776,"11,910"," 65,540 "," 66,179 "
11777,"4,590"," 140,477 "," 142,597 "
11778,"6,080"," 69,219 "," 69,893 "
11779,"19,170"," 63,114 "," 63,643 "
11780,"7,640"," 177,322 "," 179,924 "
11782,"7,990"," 90,001 "," 91,090 "
11783,"10,930"," 87,307 "," 88,328 "
11784,"12,050"," 57,644 "," 58,098 "
11786,"3,120"," 96,076 "," 97,366 "
11787,"17,060"," 102,666 "," 104,061 "
11788,"8,480"," 92,971 "," 94,113 "
11789,"3,720"," 64,661 "," 65,298 "
11790,"6,710"," 107,212 "," 108,621 "
11791,"12,090"," 181,516 "," 185,262 "
11792,"4,230"," 91,654 "," 93,036 "
11793,"16,580"," 90,232 "," 91,310 "
11795,"13,000"," 86,987 "," 88,223 "
11796,"1,860"," 76,658 "," 77,495 "
11797,"4,600"," 223,193 "," 228,813 "
11798,"8,150"," 40,017 "," 40,354 "
11801,"21,170"," 63,645 "," 64,346 "
11803,"14,190"," 114,911 "," 117,190 "
11804,"2,520"," 111,195 "," 113,157 "
11901,"12,510"," 50,269 "," 50,899 "
11933,"3,450"," 67,812 "," 68,726 "
11934,"3,840"," 78,702 "," 79,724 "
11935,"1,850"," 94,807 "," 96,714 "
11937,"9,010"," 105,282 "," 107,966 "
11939,510," 92,820 "," 94,531 "
11940,"2,750"," 90,825 "," 92,203 "
11941,"1,310"," 78,950 "," 80,691 "
11942,"2,650"," 80,014 "," 81,647 "
11944,"2,300"," 61,473 "," 62,400 "
11946,"7,390"," 61,323 "," 62,641 "
11948,630," 81,492 "," 83,029 "
11949,"6,930"," 79,116 "," 80,046 "
11950,"7,680"," 46,671 "," 47,002 "
11951,"6,250"," 45,635 "," 45,953 "
11952,"2,620"," 90,089 "," 91,793 "
11953,"6,640"," 57,570 "," 58,056 "
11954,"2,740"," 74,332 "," 76,547 "
11955,"1,760"," 61,826 "," 62,433 "
11957,460," 122,530 "," 125,472 "
11958,490," 78,447 "," 95,751 "
11961,"6,870"," 58,882 "," 59,364 "
11963,"4,140"," 115,344 "," 118,860 "
11967,"12,480"," 53,372 "," 53,803 "
11968,"5,320"," 112,332 "," 115,093 "
11971,"3,100"," 89,040 "," 90,775 "
11976,"1,170"," 238,282 "," 244,496 "
11977,"1,300"," 95,602 "," 98,232 "
11978,"1,940"," 113,067 "," 115,185 "
11980,"2,240"," 74,555 "," 75,347 "
12007,100," 55,090 "," 53,500 "
12008,230," 74,791 "," 76,387 "
12009,"3,720"," 75,831 "," 76,929 "
12010,"13,180"," 45,584 "," 46,107 "
12015,"1,650"," 63,618 "," 64,380 "
12017,170," 77,312 "," 78,618 "
12018,"3,860"," 68,755 "," 69,834 "
12019,"7,690"," 80,958 "," 81,998 "
12020,"15,890"," 63,349 "," 64,166 "
12022,380," 50,363 "," 50,834 "
12023,"1,010"," 55,446 "," 56,080 "
12025,"2,700"," 53,870 "," 54,607 "
12027,"2,020"," 81,896 "," 83,014 "
12028,600," 49,443 "," 50,338 "
12029,510," 74,347 "," 76,241 "
12031,110," 37,236 "," 37,509 "
12032,480," 54,177 "," 52,008 "
12033,"4,090"," 65,674 "," 66,569 "
12035,410," 44,073 "," 44,437 "
12037,"1,730"," 54,879 "," 56,061 "
12041,290," 52,431 "," 52,879 "
12042,220," 51,464 "," 52,023 "
12043,"3,080"," 51,075 "," 51,764 "
12046,320," 64,219 "," 64,869 "
12047,"9,980"," 52,245 "," 52,800 "
12051,"1,780"," 53,639 "," 54,314 "
12052,720," 56,579 "," 57,181 "
12053,"2,130"," 65,096 "," 65,837 "
12054,"8,840"," 91,195 "," 93,094 "
12056,"1,180"," 70,648 "," 71,535 "
12057,760," 43,500 "," 44,220 "
12058,650," 50,082 "," 50,526 "
12059,830," 59,386 "," 59,894 "
12060,680," 69,603 "," 71,037 "
12061,"4,920"," 77,189 "," 78,406 "
12062,840," 54,625 "," 55,377 "
12063,290," 68,866 "," 70,603 "
12064,220," 35,518 "," 35,909 "
12065,"22,140"," 77,323 "," 78,442 "
12066,980," 55,647 "," 56,158 "
12067,780," 64,518 "," 65,368 "
12068,"1,380"," 46,471 "," 47,014 "
12070,640," 61,978 "," 62,748 "
12071,120," 44,983 "," 45,350 "
12072,"1,180"," 49,696 "," 50,079 "
12074,"1,490"," 59,815 "," 60,799 "
12075,"1,480"," 66,647 "," 68,032 "
12076,560," 47,057 "," 47,800 "
12077,"3,220"," 85,533 "," 86,964 "
12078,"9,950"," 40,692 "," 41,168 "
12083,"1,870"," 53,282 "," 53,894 "
12084,"2,300"," 74,976 "," 76,135 "
12085,220," 42,445 "," 42,686 "
12086,960," 53,261 "," 54,043 "
12087,590," 55,192 "," 55,824 "
12090,"2,640"," 48,484 "," 49,080 "
12092,520," 49,563 "," 50,173 "
12093,700," 45,189 "," 45,757 "
12094,"1,080"," 53,770 "," 54,319 "
12095,"5,600"," 44,935 "," 45,348 "
12106,"1,350"," 68,147 "," 69,268 "
12108,230," 54,104 "," 54,778 "
12110,"10,250"," 68,142 "," 69,230 "
12116,800," 44,558 "," 45,136 "
12117,"1,540"," 46,839 "," 47,271 "
12118,"7,520"," 62,459 "," 63,160 "
12120,270," 53,989 "," 54,781 "
12121,930," 64,322 "," 65,176 "
12122,"1,860"," 45,783 "," 46,322 "
12123,"2,570"," 59,368 "," 60,146 "
12125,740," 54,418 "," 55,232 "
12130,550," 48,904 "," 49,458 "
12131,100," 45,590 "," 46,090 "
12134,"1,710"," 49,280 "," 49,922 "
12136,430," 100,967 "," 103,805 "
12137,860," 58,421 "," 59,009 "
12138,"1,330"," 52,687 "," 53,338 "
12139,140," 49,143 "," 49,964 "
12140,910," 63,718 "," 64,345 "
12143,"2,460"," 51,928 "," 52,328 "
12144,"10,460"," 54,948 "," 55,544 "
12147,290," 65,445 "," 66,172 "
12148,"2,410"," 101,279 "," 102,823 "
12149,990," 44,529 "," 44,905 "
12150,470," 52,534 "," 52,989 "
12151,440," 64,159 "," 65,089 "
12153,490," 57,524 "," 58,761 "
12154,"1,450"," 60,008 "," 60,801 "
12155,760," 41,434 "," 42,166 "
12156,430," 61,540 "," 62,665 "
12157,"1,800"," 52,782 "," 53,363 "
12158,"3,130"," 65,614 "," 66,342 "
12159,"4,360"," 122,521 "," 125,208 "
12160,440," 48,177 "," 48,677 "
12164,270," 48,407 "," 49,830 "
12165,210," 103,952 "," 107,105 "
12166,660," 42,835 "," 43,292 "
12167,"1,130"," 44,282 "," 44,900 "
12168,940," 50,866 "," 51,459 "
12169,160," 55,463 "," 55,888 "
12170,"2,570"," 57,265 "," 58,050 "
12173,740," 53,780 "," 54,873 "
12175,340," 47,468 "," 47,776 "
12176,120," 53,925 "," 54,175 "
12180,"22,980"," 48,151 "," 48,731 "
12182,"7,070"," 44,844 "," 45,249 "
12183,"1,430"," 39,918 "," 40,190 "
12184,"3,280"," 70,504 "," 71,383 "
12185,960," 62,840 "," 63,491 "
12186,"3,330"," 86,020 "," 87,580 "
12187,430," 42,498 "," 42,947 "
12188,"5,920"," 58,692 "," 59,372 "
12189,"9,090"," 47,678 "," 48,147 "
12190,360," 48,186 "," 48,631 "
12192,700," 51,301 "," 51,813 "
12193,"1,050"," 58,270 "," 59,010 "
12194,110," 50,136 "," 50,745 "
12196,"1,560"," 73,149 "," 74,128 "
12197,950," 44,938 "," 45,513 "
12198,"4,000"," 67,463 "," 68,412 "
12202,"4,250"," 27,064 "," 27,273 "
12203,"13,530"," 70,993 "," 71,912 "
12204,"3,750"," 67,522 "," 68,587 "
12205,"14,790"," 52,759 "," 53,287 "
12206,"6,950"," 31,890 "," 32,268 "
12207,670," 30,360 "," 30,743 "
12208,"9,930"," 56,337 "," 57,130 "
12209,"5,170"," 42,851 "," 43,238 "
12210,"4,890"," 37,987 "," 38,571 "
12211,"6,060"," 120,564 "," 122,780 "
12302,"14,120"," 62,625 "," 63,380 "
12303,"14,860"," 58,017 "," 58,795 "
12304,"10,280"," 40,664 "," 41,004 "
12305,"1,870"," 33,581 "," 34,112 "
12306,"13,490"," 52,357 "," 52,875 "
12307,"2,800"," 20,335 "," 20,466 "
12308,"6,200"," 40,679 "," 41,186 "
12309,"15,110"," 91,534 "," 93,006 "
12401,"15,990"," 48,527 "," 49,247 "
12404,"1,600"," 60,072 "," 61,634 "
12405,290," 46,669 "," 47,976 "
12406,310," 39,026 "," 39,581 "
12407,110," 38,700 "," 39,264 "
12409,480," 78,627 "," 81,792 "
12410,160," 63,163 "," 64,819 "
12411,230," 50,191 "," 50,735 "
12412,340," 49,329 "," 50,600 "
12413,"1,350"," 41,840 "," 42,293 "
12414,"4,590"," 47,167 "," 47,738 "
12418,260," 60,454 "," 61,638 "
12419,360," 63,747 "," 65,275 "
12421,160," 67,225 "," 68,519 "
12422,150," 45,553 "," 46,060 "
12423,480," 45,513 "," 45,900 "
12424,110," 53,536 "," 54,300 "
12427,220," 41,736 "," 42,055 "
12428,"2,560"," 41,138 "," 41,541 "
12430,450," 43,969 "," 44,900 "
12431,730," 49,625 "," 50,166 "
12433,200," 72,940 "," 74,965 "
12434,340," 34,638 "," 35,124 "
12435,180," 44,333 "," 45,039 "
12439,180," 46,267 "," 46,967 "
12440,980," 60,623 "," 61,652 "
12442,470," 50,717 "," 51,847 "
12443,"2,070"," 74,995 "," 76,193 "
12444,150," 56,740 "," 58,093 "
12446,"2,160"," 51,149 "," 52,027 "
12448,100," 46,480 "," 47,580 "
12449,"1,700"," 48,342 "," 48,753 "
12451,850," 46,039 "," 46,565 "
12454,110," 42,245 "," 43,064 "
12455,740," 44,351 "," 45,328 "
12456,400," 40,818 "," 41,240 "
12457,290," 60,748 "," 62,928 "
12458,"1,080"," 43,709 "," 44,069 "
12460,140," 44,507 "," 45,057 "
12461,780," 55,279 "," 56,417 "
12463,730," 51,408 "," 52,316 "
12464,440," 48,282 "," 49,693 "
12466,"1,590"," 54,371 "," 54,833 "
12468,480," 42,792 "," 43,654 "
12469,300," 48,850 "," 49,490 "
12470,220," 39,427 "," 39,805 "
12472,850," 47,609 "," 48,289 "
12473,420," 50,633 "," 51,221 "
12474,570," 48,814 "," 49,779 "
12477,"8,730"," 52,690 "," 53,406 "
12480,280," 42,196 "," 43,325 "
12481,690," 58,301 "," 59,229 "
12482,370," 37,262 "," 37,668 "
12484,"1,480"," 66,614 "," 68,037 "
12485,490," 42,212 "," 42,859 "
12486,770," 59,049 "," 59,771 "
12487,"1,350"," 58,515 "," 59,261 "
12491,"1,010"," 60,703 "," 61,895 "
12492,110," 60,945 "," 61,873 "
12494,340," 67,406 "," 68,829 "
12495,150," 63,547 "," 65,487 "
12496,690," 55,239 "," 56,958 "
12498,"2,390"," 82,815 "," 85,135 "
12501,"1,030"," 55,936 "," 56,933 "
12502,470," 82,517 "," 83,938 "
12503,300," 92,743 "," 94,247 "
12508,"8,510"," 55,344 "," 56,006 "
12513,610," 88,559 "," 90,370 "
12514,"1,350"," 94,490 "," 96,070 "
12515,790," 50,603 "," 51,180 "
12516,740," 54,484 "," 55,751 "
12517,210," 57,671 "," 58,729 "
12518,"2,890"," 81,243 "," 82,543 "
12520,"1,670"," 89,725 "," 91,249 "
12521,780," 57,935 "," 59,145 "
12522,"2,230"," 53,383 "," 54,109 "
12523,880," 55,202 "," 55,973 "
12524,"7,620"," 71,502 "," 72,206 "
12525,"1,750"," 73,748 "," 75,278 "
12526,"1,820"," 68,196 "," 69,453 "
12528,"6,520"," 61,264 "," 61,928 "
12529,"1,120"," 68,585 "," 70,317 "
12531,"1,540"," 85,585 "," 86,819 "
12533,"12,180"," 89,133 "," 90,141 "
12534,"7,610"," 47,389 "," 48,156 "
12538,"6,560"," 58,924 "," 59,557 "
12540,"3,720"," 100,048 "," 101,453 "
12542,"2,870"," 65,611 "," 66,508 "
12543,"1,420"," 49,820 "," 50,093 "
12545,"2,240"," 115,492 "," 118,681 "
12546,"1,390"," 64,263 "," 65,335 "
12547,"1,420"," 64,465 "," 65,242 "
12548,740," 58,793 "," 59,349 "
12549,"4,990"," 69,681 "," 70,673 "
12550,"24,860"," 51,088 "," 51,687 "
12553,"12,150"," 60,591 "," 61,160 "
12561,"7,140"," 68,656 "," 70,020 "
12563,"3,530"," 70,456 "," 71,497 "
12564,"3,340"," 88,143 "," 89,591 "
12565,800," 39,276 "," 39,921 "
12566,"4,910"," 60,007 "," 60,722 "
12567,"1,310"," 70,750 "," 72,154 "
12569,"5,050"," 71,668 "," 72,602 "
12570,"3,380"," 86,802 "," 87,717 "
12571,"4,510"," 69,978 "," 71,297 "
12572,"4,540"," 116,999 "," 119,292 "
12575,"1,100"," 77,446 "," 78,334 "
12577,960," 75,200 "," 76,000 "
12578,"1,130"," 79,947 "," 81,011 "
12580,"1,890"," 75,333 "," 76,657 "
12581,980," 88,204 "," 90,416 "
12582,"2,260"," 81,235 "," 82,212 "
12583,"1,060"," 58,313 "," 59,490 "
12585,460," 69,867 "," 71,361 "
12586,"6,030"," 57,569 "," 58,122 "
12589,"6,700"," 59,989 "," 60,737 "
12590,"17,800"," 66,378 "," 67,037 "
12592,590," 56,653 "," 57,339 "
12594,"1,940"," 57,052 "," 57,642 "
12601,"17,230"," 46,671 "," 47,235 "
12603,"20,870"," 68,830 "," 69,685 "
12701,"4,360"," 37,618 "," 38,133 "
12719,460," 51,793 "," 52,826 "
12720,120," 91,217 "," 93,875 "
12721,"2,860"," 58,265 "," 58,886 "
12723,720," 52,165 "," 53,418 "
12725,150," 54,533 "," 55,280 "
12726,490," 54,147 "," 55,043 "
12729,870," 44,862 "," 45,205 "
12732,370," 60,816 "," 61,776 "
12733,240," 32,913 "," 33,375 "
12734,550," 42,275 "," 42,915 "
12737,800," 53,128 "," 53,821 "
12738,120," 46,017 "," 46,700 "
12740,920," 57,620 "," 58,212 "
12741,160," 42,119 "," 42,919 "
12742,170," 41,141 "," 41,635 "
12743,140," 59,436 "," 60,043 "
12746,560," 45,218 "," 45,573 "
12747,790," 43,818 "," 44,409 "
12748,920," 52,139 "," 53,038 "
12750,100," 36,450 "," 37,290 "
12751,400," 35,270 "," 35,450 "
12752,140," 49,621 "," 50,914 "
12754,"2,860"," 43,564 "," 44,064 "
12758,"1,700"," 47,385 "," 47,962 "
12759,600," 35,187 "," 35,518 "
12760,220," 42,550 "," 43,005 "
12762,260," 49,219 "," 50,154 "
12763,390," 48,313 "," 49,408 "
12764,730," 49,566 "," 50,560 "
12765,470," 55,247 "," 55,796 "
12766,140," 47,821 "," 48,236 "
12768,390," 51,992 "," 52,626 "
12770,100," 47,820 "," 48,550 "
12771,"6,090"," 48,252 "," 48,839 "
12775,"1,270"," 71,869 "," 73,017 "
12776,870," 54,954 "," 55,809 "
12777,330," 72,448 "," 73,582 "
12779,"1,020"," 39,856 "," 40,509 "
12780,"1,120"," 50,800 "," 51,257 "
12783,580," 44,483 "," 45,034 "
12786,300," 62,357 "," 63,533 "
12787,230," 48,583 "," 48,970 "
12788,940," 50,352 "," 50,818 "
12789,700," 46,830 "," 47,547 "
12790,"2,200"," 50,861 "," 51,386 "
12791,340," 55,559 "," 56,200 "
12792,210," 46,057 "," 46,767 "
12801,"7,640"," 42,429 "," 43,064 "
12803,"4,190"," 44,663 "," 45,116 "
12804,"13,470"," 62,608 "," 63,812 "
12808,170," 62,306 "," 63,041 "
12809,"1,660"," 46,865 "," 47,605 "
12810,320," 39,500 "," 39,788 "
12814,920," 58,340 "," 59,477 "
12815,500," 55,440 "," 56,048 "
12816,"2,110"," 48,873 "," 49,817 "
12817,"1,100"," 50,271 "," 51,021 "
12819,130," 40,392 "," 40,862 "
12821,150," 43,767 "," 44,120 "
12822,"2,800"," 43,458 "," 43,873 "
12823,140," 52,364 "," 52,900 "
12824,410," 74,995 "," 76,339 "
12827,"1,910"," 46,343 "," 47,071 "
12828,"4,650"," 45,185 "," 45,612 "
12831,"8,320"," 66,877 "," 67,777 "
12832,"2,710"," 43,431 "," 43,935 "
12833,"2,230"," 66,691 "," 67,892 "
12834,"3,170"," 54,245 "," 55,059 "
12835,"1,260"," 46,376 "," 46,854 "
12836,320," 54,316 "," 55,225 "
12837,350," 41,349 "," 42,031 "
12838,330," 43,712 "," 44,336 "
12839,"6,440"," 39,745 "," 40,132 "
12842,620," 42,992 "," 43,611 "
12843,260," 47,927 "," 48,427 "
12844,160," 83,506 "," 85,394 "
12845,"2,580"," 71,661 "," 72,791 "
12846,"1,620"," 44,788 "," 45,491 "
12847,370," 45,003 "," 47,846 "
12849,330," 47,503 "," 48,085 "
12850,"1,390"," 64,675 "," 65,706 "
12851,160," 37,744 "," 38,363 "
12852,220," 47,377 "," 47,895 "
12853,640," 41,617 "," 42,255 "
12855,120," 42,133 "," 42,683 "
12857,280," 42,182 "," 42,775 "
12859,"1,010"," 51,904 "," 52,402 "
12860,380," 37,745 "," 38,147 "
12861,290," 55,641 "," 56,059 "
12863,330," 62,009 "," 62,491 "
12865,"1,610"," 47,543 "," 48,427 "
12866,"18,890"," 166,754 "," 168,608 "
12870,790," 45,868 "," 46,684 "
12871,"1,970"," 52,431 "," 53,299 "
12873,370," 52,762 "," 53,868 "
12878,300," 39,007 "," 39,390 "
12883,"2,300"," 44,571 "," 45,026 "
12885,"2,210"," 40,522 "," 41,005 "
12886,110," 47,055 "," 47,955 "
12887,"2,150"," 42,456 "," 42,901 "
12901,"14,200"," 49,361 "," 50,114 "
12903,780," 59,283 "," 60,019 "
12910,740," 42,508 "," 42,849 "
12912,"1,000"," 43,165 "," 43,797 "
12913,530," 46,896 "," 47,449 "
12914,340," 39,141 "," 39,668 "
12916,900," 39,774 "," 40,151 "
12917,600," 41,310 "," 41,982 "
12918,"1,180"," 50,040 "," 50,576 "
12919,"1,590"," 44,997 "," 45,711 "
12920,"1,000"," 47,866 "," 48,759 "
12921,"1,200"," 54,883 "," 55,704 "
12923,210," 46,414 "," 47,048 "
12926,900," 39,224 "," 39,654 "
12928,900," 46,503 "," 46,987 "
12930,280," 38,375 "," 38,657 "
12932,640," 46,038 "," 46,638 "
12934,410," 40,139 "," 40,566 "
12935,690," 44,741 "," 45,238 "
12936,310," 53,432 "," 54,948 "
12937,610," 39,016 "," 39,375 "
12941,630," 47,616 "," 48,471 "
12942,340," 63,782 "," 65,668 "
12943,220," 56,155 "," 57,682 "
12944,"1,790"," 43,645 "," 44,170 "
12945,340," 49,182 "," 49,900 "
12946,"2,760"," 66,742 "," 68,296 "
12950,340," 39,747 "," 40,115 "
12952,260," 48,231 "," 48,735 "
12953,"4,840"," 46,116 "," 46,805 "
12955,150," 45,047 "," 45,593 "
12956,500," 38,564 "," 38,764 "
12957,710," 36,631 "," 36,966 "
12958,840," 45,320 "," 45,885 "
12959,600," 42,742 "," 43,198 "
12960,470," 47,130 "," 47,455 "
12961,120," 43,342 "," 43,725 "
12962,"2,600"," 56,149 "," 56,738 "
12965,210," 35,957 "," 36,395 "
12966,"1,190"," 39,557 "," 40,287 "
12967,440," 42,457 "," 42,730 "
12969,160," 48,525 "," 48,988 "
12970,160," 41,994 "," 43,094 "
12972,"2,990"," 58,415 "," 59,226 "
12974,650," 40,714 "," 40,994 "
12978,190," 42,900 "," 43,311 "
12979,"1,200"," 48,728 "," 49,116 "
12980,560," 40,211 "," 40,489 "
12981,"1,090"," 50,611 "," 51,201 "
12983,"3,580"," 52,418 "," 53,546 "
12985,460," 41,978 "," 42,354 "
12986,"2,640"," 49,336 "," 48,351 "
12987,130," 46,708 "," 48,685 "
12989,440," 50,250 "," 51,182 "
12992,"2,290"," 45,162 "," 45,676 "
12993,790," 54,648 "," 55,416 "
12996,930," 48,162 "," 48,888 "
12997,540," 47,183 "," 47,941 "
12998,210," 37,043 "," 37,105 "
13021,"18,440"," 51,039 "," 51,817 "
13026,660," 58,738 "," 59,970 "
13027,"16,320"," 66,735 "," 67,736 "
13028,570," 44,623 "," 45,047 "
13029,"3,480"," 65,116 "," 66,008 "
13030,"2,030"," 53,542 "," 54,288 "
13031,"8,290"," 63,793 "," 64,850 "
13032,"5,860"," 47,371 "," 48,076 "
13033,"1,720"," 47,466 "," 48,218 "
13034,900," 49,632 "," 50,258 "
13035,"3,820"," 101,075 "," 103,853 "
13036,"4,180"," 48,029 "," 48,587 "
13037,"4,350"," 54,900 "," 55,764 "
13039,"8,650"," 66,514 "," 67,425 "
13040,"1,170"," 42,818 "," 43,168 "
13041,"5,470"," 59,327 "," 60,047 "
13042,"1,040"," 45,825 "," 46,185 "
13044,"1,270"," 49,191 "," 49,763 "
13045,"11,370"," 48,160 "," 48,866 "
13052,890," 45,413 "," 46,001 "
13053,"2,210"," 53,827 "," 54,441 "
13054,720," 42,579 "," 43,136 "
13057,"7,940"," 50,439 "," 51,155 "
13060,"1,470"," 48,678 "," 49,400 "
13061,510," 53,602 "," 54,463 "
13063,920," 59,489 "," 60,585 "
13066,"6,460"," 118,154 "," 121,164 "
13068,"2,510"," 52,065 "," 52,822 "
13069,"10,750"," 43,475 "," 43,913 "
13071,480," 47,875 "," 48,977 "
13072,370," 35,738 "," 36,154 "
13073,"3,030"," 50,334 "," 51,249 "
13074,"1,910"," 41,602 "," 41,961 "
13076,"1,130"," 45,704 "," 46,109 "
13077,"3,200"," 51,599 "," 52,316 "
13078,"4,430"," 108,342 "," 110,806 "
13080,"1,820"," 48,540 "," 49,108 "
13081,510," 58,816 "," 59,867 "
13082,"2,360"," 47,764 "," 48,383 "
13083,780," 44,731 "," 45,058 "
13084,"2,200"," 61,415 "," 62,591 "
13088,"11,820"," 49,853 "," 50,479 "
13090,"15,420"," 58,391 "," 59,161 "
13092,"1,130"," 48,664 "," 49,391 "
13101,"1,180"," 42,629 "," 43,130 "
13103,170," 28,753 "," 28,853 "
13104,"7,680"," 118,155 "," 121,238 "
13108,"3,130"," 67,056 "," 68,213 "
13110,"1,150"," 57,970 "," 59,132 "
13111,710," 39,893 "," 40,225 "
13112,910," 55,400 "," 56,145 "
13114,"2,960"," 48,769 "," 49,276 "
13116,"1,790"," 51,718 "," 52,279 "
13118,"2,440"," 47,921 "," 48,683 "
13120,"1,050"," 44,990 "," 45,546 "
13122,520," 55,277 "," 55,887 "
13126,"14,410"," 50,902 "," 51,472 "
13131,"1,700"," 45,758 "," 46,145 "
13132,"1,900"," 50,201 "," 50,741 "
13135,"3,110"," 50,073 "," 50,685 "
13136,220," 32,364 "," 32,664 "
13140,"1,980"," 40,751 "," 41,245 "
13141,340," 40,959 "," 41,532 "
13142,"2,810"," 48,256 "," 48,858 "
13143,"1,130"," 44,111 "," 44,593 "
13144,530," 40,553 "," 40,942 "
13145,890," 44,049 "," 44,472 "
13146,890," 43,666 "," 44,283 "
13147,540," 48,954 "," 50,074 "
13148,"4,990"," 48,851 "," 49,533 "
13152,"3,990"," 115,853 "," 119,072 "
13155,310," 39,368 "," 39,758 "
13156,810," 50,032 "," 50,591 "
13158,660," 39,374 "," 40,098 "
13159,"2,500"," 66,864 "," 68,216 "
13160,950," 52,335 "," 53,199 "
13164,"1,230"," 61,286 "," 61,885 "
13165,"5,090"," 41,747 "," 42,303 "
13166,"2,750"," 45,368 "," 45,940 "
13167,"1,570"," 50,590 "," 51,108 "
13202,"1,800"," 40,747 "," 41,510 "
13203,"6,270"," 37,498 "," 38,096 "
13204,"7,890"," 30,883 "," 31,251 "
13205,"7,380"," 30,416 "," 30,677 "
13206,"8,290"," 37,397 "," 37,821 "
13207,"6,030"," 40,422 "," 41,042 "
13208,"9,280"," 29,665 "," 29,940 "
13209,"6,830"," 44,715 "," 45,195 "
13210,"6,040"," 39,738 "," 40,469 "
13211,"3,280"," 35,341 "," 35,645 "
13212,"10,630"," 46,716 "," 47,314 "
13214,"3,790"," 63,761 "," 65,056 "
13215,"7,150"," 76,221 "," 77,858 "
13219,"8,190"," 53,355 "," 54,056 "
13224,"4,210"," 65,759 "," 67,170 "
13302,630," 36,322 "," 36,629 "
13303,540," 58,659 "," 59,535 "
13304,900," 67,147 "," 68,081 "
13308,"1,520"," 43,436 "," 43,911 "
13309,"2,660"," 44,714 "," 45,145 "
13310,310," 39,668 "," 40,526 "
13314,220," 35,855 "," 36,068 "
13315,600," 43,488 "," 43,973 "
13316,"2,860"," 43,697 "," 44,144 "
13317,"1,670"," 45,147 "," 45,589 "
13318,620," 43,823 "," 44,732 "
13319,440," 38,741 "," 39,082 "
13320,880," 44,430 "," 45,370 "
13322,580," 47,660 "," 48,471 "
13323,"4,690"," 69,736 "," 71,083 "
13324,890," 42,122 "," 42,510 "
13325,450," 37,633 "," 38,322 "
13326,"2,610"," 74,134 "," 75,551 "
13327,980," 41,670 "," 42,476 "
13328,560," 49,955 "," 50,964 "
13329,"1,570"," 40,058 "," 40,474 "
13331,150," 54,473 "," 55,760 "
13332,"1,090"," 42,047 "," 42,751 "
13334,560," 41,798 "," 42,277 "
13335,750," 45,132 "," 45,683 "
13337,400," 68,233 "," 69,325 "
13338,600," 42,302 "," 42,808 "
13339,"2,590"," 39,020 "," 39,541 "
13340,"3,690"," 46,488 "," 47,097 "
13343,800," 45,446 "," 46,080 "
13346,"1,930"," 69,589 "," 70,765 "
13348,640," 45,667 "," 46,359 "
13350,"4,010"," 41,439 "," 41,948 "
13354,"1,620"," 53,317 "," 54,170 "
13355,390," 42,413 "," 42,885 "
13357,"4,760"," 42,925 "," 43,316 "
13360,220," 47,600 "," 48,568 "
13361,260," 42,554 "," 43,300 "
13363,"1,100"," 47,869 "," 48,432 "
13365,"3,670"," 45,079 "," 45,853 "
13367,"3,620"," 47,402 "," 48,454 "
13368,540," 40,793 "," 41,341 "
13402,650," 42,560 "," 43,345 "
13403,"2,280"," 60,652 "," 61,378 "
13406,300," 42,017 "," 42,583 "
13407,"2,420"," 42,112 "," 42,524 "
13408,"1,120"," 49,233 "," 49,878 "
13409,"1,100"," 42,863 "," 43,468 "
13411,"1,350"," 39,524 "," 39,955 "
13413,"7,790"," 81,847 "," 83,664 "
13416,950," 49,878 "," 50,617 "
13417,"1,680"," 41,160 "," 41,632 "
13420,840," 52,838 "," 54,115 "
13421,"6,330"," 47,211 "," 47,872 "
13424,"1,110"," 52,091 "," 52,632 "
13425,910," 42,107 "," 42,599 "
13428,640," 45,714 "," 46,267 "
13431,890," 51,784 "," 52,399 "
13433,710," 34,020 "," 34,292 "
13437,210," 42,229 "," 42,605 "
13438,"1,670"," 50,180 "," 50,806 "
13439,"1,760"," 42,779 "," 43,395 "
13440,"18,110"," 46,281 "," 46,816 "
13450,130," 39,300 "," 40,338 "
13452,"1,870"," 40,871 "," 41,331 "
13454,340," 41,000 "," 41,356 "
13456,"2,050"," 54,806 "," 55,753 "
13459,930," 43,382 "," 44,009 "
13460,"2,140"," 41,589 "," 42,225 "
13461,"1,610"," 55,742 "," 56,368 "
13464,500," 34,694 "," 35,318 "
13468,220," 52,045 "," 52,991 "
13469,380," 53,921 "," 54,442 "
13470,260," 39,415 "," 39,635 "
13471,"1,390"," 38,308 "," 38,806 "
13473,350," 44,720 "," 45,506 "
13476,"1,660"," 45,305 "," 45,964 "
13477,590," 42,849 "," 43,468 "
13478,"1,500"," 48,335 "," 49,007 "
13480,"1,550"," 47,237 "," 48,031 "
13483,110," 40,155 "," 40,427 "
13485,440," 39,782 "," 40,230 "
13486,420," 49,314 "," 49,962 "
13488,120," 42,600 "," 43,367 "
13489,300," 44,017 "," 44,493 "
13490,690," 49,194 "," 49,848 "
13491,"1,660"," 46,684 "," 47,446 "
13492,"5,980"," 56,648 "," 57,438 "
13493,840," 38,569 "," 38,794 "
13494,170," 38,224 "," 38,635 "
13495,"1,050"," 41,630 "," 42,066 "
13501,"14,670"," 37,068 "," 37,619 "
13502,"14,060"," 39,673 "," 40,140 "
13601,"16,720"," 44,899 "," 45,498 "
13603,"3,690"," 32,203 "," 32,488 "
13605,"1,970"," 48,296 "," 48,950 "
13606,"1,270"," 50,386 "," 51,144 "
13607,"1,020"," 52,498 "," 53,411 "
13608,650," 41,920 "," 42,375 "
13612,"1,270"," 47,422 "," 48,017 "
13613,"1,010"," 42,774 "," 43,108 "
13614,110," 37,800 "," 38,727 "
13616,800," 34,345 "," 34,699 "
13617,"3,840"," 54,584 "," 55,415 "
13618,860," 51,378 "," 52,502 "
13619,"4,340"," 44,006 "," 44,537 "
13620,870," 41,626 "," 42,547 "
13621,290," 42,021 "," 42,466 "
13622,"1,050"," 51,864 "," 52,555 "
13624,"2,250"," 52,664 "," 53,652 "
13625,850," 52,707 "," 53,245 "
13626,970," 44,240 "," 44,853 "
13630,540," 40,033 "," 40,452 "
13634,"1,870"," 50,538 "," 51,121 "
13635,410," 39,610 "," 39,973 "
13636,140," 41,743 "," 42,329 "
13637,"2,090"," 38,046 "," 38,464 "
13638,170," 37,024 "," 37,224 "
13640,220," 77,323 "," 78,441 "
13642,"3,460"," 43,085 "," 43,638 "
13646,910," 42,982 "," 44,046 "
13648,950," 44,846 "," 45,342 "
13650,580," 46,943 "," 47,757 "
13652,750," 38,453 "," 38,875 "
13654,840," 43,326 "," 44,071 "
13655,"1,390"," 33,250 "," 33,591 "
13656,"1,140"," 40,592 "," 41,088 "
13658,"1,040"," 45,936 "," 46,785 "
13659,250," 45,524 "," 45,928 "
13660,800," 45,561 "," 46,691 "
13661,700," 46,300 "," 47,331 "
13662,"7,160"," 46,364 "," 46,985 "
13664,230," 60,017 "," 60,878 "
13665,400," 39,058 "," 39,413 "
13667,"1,350"," 41,653 "," 42,479 "
13668,"1,490"," 45,321 "," 45,757 "
13669,"6,400"," 47,743 "," 48,423 "
13670,170," 32,635 "," 32,806 "
13672,360," 44,517 "," 44,869 "
13673,980," 40,421 "," 40,816 "
13676,"4,850"," 55,147 "," 55,975 "
13679,830," 45,184 "," 45,835 "
13680,450," 42,031 "," 42,536 "
13681,360," 37,031 "," 37,628 "
13682,410," 52,171 "," 52,988 "
13684,480," 41,281 "," 41,531 "
13685,"1,180"," 59,822 "," 60,633 "
13687,270," 42,959 "," 43,404 "
13690,360," 42,019 "," 42,381 "
13691,"1,310"," 43,329 "," 43,792 "
13693,270," 56,093 "," 56,844 "
13694,700," 58,920 "," 60,133 "
13696,120," 38,567 "," 38,992 "
13697,930," 41,799 "," 42,265 "
13730,"1,260"," 42,025 "," 42,502 "
13731,510," 61,867 "," 63,073 "
13732,"3,900"," 60,672 "," 61,401 "
13733,"2,250"," 44,724 "," 45,260 "
13734,990," 43,716 "," 44,246 "
13736,"1,080"," 44,399 "," 44,893 "
13739,420," 43,081 "," 43,600 "
13740,230," 53,496 "," 55,465 "
13743,"1,730"," 45,943 "," 46,451 "
13744,560," 44,596 "," 45,325 "
13746,"1,260"," 48,565 "," 49,040 "
13748,"1,790"," 48,419 "," 48,891 "
13750,470," 38,811 "," 39,174 "
13751,120," 37,825 "," 38,242 "
13752,350," 42,206 "," 42,903 "
13753,"1,920"," 50,724 "," 51,875 "
13754,"1,360"," 40,406 "," 40,937 "
13755,570," 41,047 "," 41,525 "
13756,220," 38,036 "," 38,641 "
13757,420," 48,512 "," 48,379 "
13760,"21,430"," 52,090 "," 52,747 "
13775,750," 48,787 "," 49,447 "
13776,330," 45,461 "," 46,218 "
13777,400," 41,995 "," 42,335 "
13778,"2,690"," 49,012 "," 49,639 "
13780,470," 46,991 "," 47,470 "
13782,310," 41,884 "," 42,310 "
13783,"1,030"," 44,086 "," 44,787 "
13786,190," 41,837 "," 42,305 "
13787,"1,530"," 39,686 "," 40,056 "
13788,420," 45,086 "," 46,026 "
13790,"8,590"," 40,823 "," 41,394 "
13795,"1,810"," 44,300 "," 44,617 "
13796,590," 43,958 "," 44,483 "
13797,920," 41,752 "," 42,143 "
13801,540," 36,204 "," 36,574 "
13802,440," 46,232 "," 47,114 "
13803,"1,850"," 42,656 "," 43,164 "
13804,220," 38,641 "," 38,914 "
13806,110," 39,227 "," 39,836 "
13807,610," 45,959 "," 46,925 "
13808,780," 45,097 "," 45,578 "
13809,720," 40,976 "," 41,553 "
13810,510," 40,071 "," 40,602 "
13811,"2,030"," 46,717 "," 47,212 "
13812,"1,080"," 42,951 "," 43,536 "
13813,410," 41,198 "," 41,793 "
13815,"6,030"," 46,886 "," 47,500 "
13820,"7,780"," 50,117 "," 50,992 "
13825,"1,540"," 44,771 "," 45,564 "
13827,"5,310"," 51,678 "," 52,409 "
13830,"2,200"," 42,777 "," 43,339 "
13832,270," 37,548 "," 37,870 "
13833,"1,940"," 44,647 "," 45,085 "
13835,650," 40,848 "," 41,235 "
13838,"1,950"," 43,870 "," 44,336 "
13839,650," 38,968 "," 39,368 "
13841,230," 40,243 "," 40,835 "
13842,210," 47,752 "," 48,405 "
13843,780," 42,332 "," 42,926 "
13844,330," 38,967 "," 39,494 "
13846,150," 43,280 "," 44,093 "
13849,"2,000"," 46,503 "," 47,033 "
13850,"10,060"," 71,987 "," 73,294 "
13856,"2,690"," 42,293 "," 42,869 "
13861,330," 47,048 "," 47,694 "
13862,"1,810"," 45,409 "," 46,015 "
13863,200," 35,495 "," 35,805 "
13864,510," 40,420 "," 41,069 "
13865,"2,770"," 45,556 "," 46,004 "
13901,"8,650"," 48,603 "," 49,261 "
13903,"8,570"," 51,977 "," 52,836 "
13904,"4,300"," 42,786 "," 43,224 "
13905,"11,030"," 45,215 "," 45,980 "
14001,"4,820"," 53,056 "," 53,876 "
14004,"5,360"," 54,569 "," 55,316 "
14005,910," 46,596 "," 48,346 "
14006,"4,840"," 47,429 "," 47,945 "
14008,720," 46,742 "," 47,385 "
14009,"2,650"," 45,187 "," 45,872 "
14011,"2,870"," 49,105 "," 49,786 "
14012,"1,130"," 44,042 "," 44,678 "
14013,730," 40,912 "," 41,434 "
14020,"10,050"," 45,268 "," 45,978 "
14024,720," 45,233 "," 45,478 "
14025,"1,580"," 62,838 "," 64,101 "
14026,390," 51,774 "," 52,567 "
14028,730," 58,197 "," 58,997 "
14030,780," 42,340 "," 42,913 "
14031,"4,910"," 120,021 "," 122,824 "
14032,"4,040"," 102,157 "," 104,492 "
14033,"1,170"," 71,493 "," 72,750 "
14034,880," 45,419 "," 46,044 "
14036,"2,450"," 48,847 "," 49,540 "
14037,610," 52,443 "," 53,130 "
14040,"1,120"," 50,296 "," 50,977 "
14041,100," 36,010 "," 36,550 "
14042,"1,690"," 39,762 "," 40,143 "
14043,"12,980"," 46,487 "," 46,965 "
14047,"3,180"," 55,627 "," 56,209 "
14048,"6,440"," 38,665 "," 39,098 "
14051,"10,020"," 107,594 "," 110,326 "
14052,"8,970"," 84,003 "," 86,281 "
14054,610," 50,298 "," 51,005 "
14055,720," 50,711 "," 51,692 "
14057,"4,170"," 59,324 "," 60,374 "
14058,"1,060"," 51,095 "," 52,402 "
14059,"4,960"," 71,779 "," 72,955 "
14060,180," 39,856 "," 40,422 "
14062,"1,530"," 46,442 "," 47,215 "
14063,"5,110"," 52,826 "," 53,675 "
14065,770," 41,318 "," 42,599 "
14066,490," 45,037 "," 45,973 "
14067,"2,400"," 48,614 "," 49,257 "
14068,"3,580"," 82,744 "," 84,662 "
14069,450," 57,729 "," 58,656 "
14070,"2,300"," 42,233 "," 42,646 "
14072,"10,580"," 73,426 "," 74,757 "
14075,"22,270"," 61,578 "," 62,456 "
14080,"2,130"," 56,625 "," 57,647 "
14081,"1,220"," 45,151 "," 45,757 "
14082,230," 49,400 "," 51,396 "
14085,"3,740"," 70,743 "," 71,550 "
14086,"17,210"," 63,425 "," 64,263 "
14091,590," 43,485 "," 44,342 "
14092,"5,680"," 72,460 "," 73,888 "
14094,"24,480"," 49,968 "," 50,582 "
14098,"1,340"," 44,300 "," 44,875 "
14101,820," 39,787 "," 40,341 "
14102,670," 58,891 "," 59,536 "
14103,"4,930"," 41,963 "," 42,495 "
14105,"2,130"," 47,135 "," 47,753 "
14108,"2,790"," 47,941 "," 48,394 "
14111,"1,590"," 47,451 "," 48,155 "
14113,400," 47,403 "," 48,645 "
14120,"22,520"," 53,642 "," 54,268 "
14125,"1,760"," 45,676 "," 46,262 "
14127,"15,640"," 96,425 "," 98,527 "
14129,570," 45,498 "," 45,974 "
14131,"2,550"," 53,778 "," 54,453 "
14132,"2,910"," 50,981 "," 51,629 "
14134,150," 45,073 "," 45,920 "
14136,"2,310"," 44,061 "," 44,704 "
14138,850," 41,193 "," 41,831 "
14139,"1,180"," 59,897 "," 61,035 "
14141,"3,730"," 51,378 "," 52,337 "
14143,670," 51,430 "," 52,000 "
14145,770," 49,471 "," 51,549 "
14150,"22,070"," 45,002 "," 45,503 "
14167,800," 48,795 "," 50,248 "
14170,"1,260"," 64,006 "," 65,075 "
14171,960," 45,492 "," 46,038 "
14172,"1,620"," 53,704 "," 54,360 "
14174,"2,900"," 73,118 "," 74,292 "
14201,"4,580"," 35,688 "," 36,283 "
14202,"1,690"," 161,613 "," 165,893 "
14203,730," 54,590 "," 55,862 "
14204,"3,270"," 27,794 "," 27,971 "
14206,"9,490"," 32,359 "," 32,604 "
14207,"9,310"," 25,915 "," 26,177 "
14208,"3,640"," 27,297 "," 27,475 "
14209,"3,470"," 67,377 "," 69,392 "
14210,"6,330"," 31,246 "," 31,491 "
14211,"8,600"," 24,347 "," 24,545 "
14212,"4,150"," 27,206 "," 27,441 "
14213,"9,060"," 26,004 "," 26,356 "
14214,"7,600"," 48,918 "," 49,900 "
14215,"16,580"," 29,778 "," 30,010 "
14216,"11,260"," 56,530 "," 57,990 "
14217,"11,710"," 48,712 "," 49,423 "
14218,"8,900"," 35,872 "," 36,195 "
14219,"6,140"," 42,330 "," 42,769 "
14220,"11,640"," 41,671 "," 42,065 "
14221,"27,280"," 87,443 "," 89,450 "
14222,"6,020"," 73,621 "," 75,562 "
14223,"12,400"," 50,389 "," 51,077 "
14224,"21,400"," 53,177 "," 53,776 "
14225,"17,630"," 40,569 "," 41,006 "
14226,"14,510"," 71,411 "," 72,990 "
14227,"11,990"," 46,240 "," 46,654 "
14228,"9,180"," 59,264 "," 60,340 "
14301,"5,110"," 26,821 "," 27,028 "
14303,"2,430"," 27,238 "," 27,427 "
14304,"15,250"," 43,533 "," 43,959 "
14305,"7,330"," 36,117 "," 36,434 "
14411,"5,480"," 41,808 "," 42,365 "
14414,"3,480"," 53,016 "," 53,720 "
14416,"1,910"," 48,940 "," 49,714 "
14418,570," 48,782 "," 48,814 "
14420,"7,610"," 52,967 "," 53,660 "
14422,"1,100"," 52,615 "," 53,667 "
14423,"2,330"," 50,922 "," 51,677 "
14424,"13,380"," 62,124 "," 63,267 "
14425,"5,800"," 53,690 "," 54,406 "
14427,920," 46,282 "," 46,952 "
14428,"4,440"," 58,776 "," 59,732 "
14432,"2,640"," 47,494 "," 48,555 "
14433,"1,990"," 41,179 "," 41,667 "
14435,"1,450"," 60,126 "," 61,009 "
14437,"4,350"," 44,688 "," 45,206 "
14441,170," 41,129 "," 41,588 "
14445,"4,090"," 41,962 "," 42,644 "
14450,"21,470"," 83,119 "," 84,495 "
14454,"2,970"," 64,684 "," 65,905 "
14456,"8,870"," 46,203 "," 46,975 "
14462,290," 51,245 "," 51,666 "
14464,"3,460"," 47,034 "," 47,485 "
14466,850," 48,561 "," 49,206 "
14467,"4,780"," 54,083 "," 54,702 "
14468,"9,310"," 58,334 "," 59,100 "
14469,"2,960"," 52,777 "," 53,856 "
14470,"3,740"," 44,476 "," 44,897 "
14471,"1,410"," 51,294 "," 51,974 "
14472,"4,280"," 99,111 "," 101,357 "
14475,180," 68,178 "," 69,272 "
14476,"1,040"," 50,057 "," 50,693 "
14477,760," 49,063 "," 49,562 "
14478,460," 59,659 "," 60,843 "
14480,460," 44,693 "," 45,576 "
14481,890," 49,699 "," 50,474 "
14482,"4,050"," 51,435 "," 52,298 "
14485,"1,980"," 51,532 "," 52,345 "
14486,160," 53,388 "," 54,238 "
14487,"2,980"," 56,806 "," 57,533 "
14489,"3,250"," 40,811 "," 41,165 "
14502,"5,160"," 59,017 "," 59,871 "
14504,860," 37,762 "," 38,041 "
14505,"2,590"," 47,125 "," 47,900 "
14506,610," 113,777 "," 116,628 "
14507,660," 47,170 "," 47,883 "
14510,"2,190"," 41,214 "," 41,731 "
14512,"2,300"," 51,238 "," 52,061 "
14513,"6,410"," 41,980 "," 42,471 "
14514,"2,910"," 56,500 "," 57,118 "
14516,"1,080"," 47,005 "," 47,556 "
14517,"1,280"," 45,244 "," 45,792 "
14519,"5,920"," 59,230 "," 59,986 "
14521,"1,280"," 44,184 "," 44,763 "
14522,"4,440"," 48,065 "," 48,720 "
14525,"1,340"," 48,550 "," 49,945 "
14526,"10,590"," 79,213 "," 80,759 "
14527,"5,800"," 47,358 "," 48,098 "
14530,"2,490"," 46,522 "," 47,489 "
14532,"2,160"," 48,198 "," 48,941 "
14533,770," 45,860 "," 46,517 "
14534,"16,110"," 140,998 "," 143,993 "
14536,300," 40,353 "," 41,030 "
14541,"1,040"," 50,127 "," 50,919 "
14543,"1,750"," 67,261 "," 68,270 "
14544,960," 56,863 "," 58,043 "
14546,"2,500"," 56,581 "," 57,586 "
14548,"1,910"," 45,603 "," 46,188 "
14550,760," 42,991 "," 45,142 "
14551,"2,570"," 41,009 "," 41,693 "
14555,490," 56,212 "," 57,349 "
14559,"9,110"," 61,867 "," 62,754 "
14560,"1,020"," 49,683 "," 50,348 "
14561,"1,290"," 48,495 "," 49,728 "
14564,"7,490"," 105,849 "," 108,153 "
14568,"3,000"," 57,325 "," 58,063 "
14569,"2,850"," 47,920 "," 48,938 "
14571,590," 49,164 "," 49,861 "
14572,"2,260"," 42,840 "," 43,323 "
14580,"26,670"," 69,975 "," 71,076 "
14585,150," 43,053 "," 43,353 "
14586,"4,940"," 60,504 "," 61,238 "
14589,"3,700"," 51,751 "," 52,569 "
14590,"2,260"," 43,962 "," 44,550 "
14591,780," 47,431 "," 48,717 "
14604,910," 62,091 "," 63,363 "
14605,"3,820"," 21,091 "," 21,314 "
14606,"13,170"," 35,986 "," 36,346 "
14607,"8,010"," 45,577 "," 46,583 "
14608,"4,600"," 26,478 "," 26,808 "
14609,"19,950"," 36,803 "," 37,263 "
14610,"7,680"," 95,810 "," 98,155 "
14611,"6,530"," 23,556 "," 23,751 "
14612,"17,930"," 53,620 "," 54,302 "
14613,"5,590"," 26,481 "," 26,754 "
14614,230," 74,091 "," 76,065 "
14615,"7,970"," 34,926 "," 35,242 "
14616,"14,850"," 41,206 "," 41,633 "
14617,"12,510"," 56,470 "," 57,371 "
14618,"10,430"," 105,186 "," 107,784 "
14619,"6,600"," 32,526 "," 32,822 "
14620,"10,760"," 44,576 "," 45,394 "
14621,"12,110"," 24,156 "," 24,344 "
14622,"6,680"," 48,376 "," 49,051 "
14623,"9,360"," 42,428 "," 42,892 "
14624,"19,570"," 51,924 "," 52,622 "
14625,"5,620"," 74,585 "," 76,025 "
14626,"15,800"," 54,800 "," 55,592 "
14701,"16,570"," 39,012 "," 39,595 "
14706,"2,740"," 59,154 "," 60,191 "
14709,660," 43,583 "," 44,156 "
14710,"1,630"," 47,425 "," 48,203 "
14711,720," 40,444 "," 40,869 "
14712,"1,560"," 68,643 "," 70,751 "
14714,170," 38,218 "," 38,553 "
14715,"1,140"," 39,294 "," 39,747 "
14716,980," 36,952 "," 37,479 "
14717,300," 39,537 "," 40,267 "
14718,930," 44,312 "," 44,818 "
14719,"1,410"," 41,814 "," 42,441 "
14723,560," 40,489 "," 40,918 "
14724,"1,010"," 42,025 "," 43,240 "
14726,400," 36,090 "," 36,643 "
14727,"2,310"," 47,812 "," 48,446 "
14728,470," 50,449 "," 51,598 "
14729,430," 41,912 "," 42,612 "
14731,770," 62,979 "," 64,787 "
14733,"1,780"," 37,959 "," 38,339 "
14735,"1,030"," 39,630 "," 40,202 "
14736,240," 45,875 "," 48,750 "
14737,"1,700"," 40,586 "," 41,138 "
14738,"1,660"," 42,806 "," 43,448 "
14739,"1,110"," 35,812 "," 36,205 "
14740,530," 41,796 "," 42,326 "
14741,890," 45,319 "," 45,925 "
14743,820," 42,843 "," 43,243 "
14744,470," 42,921 "," 43,883 "
14747,990," 37,992 "," 38,539 "
14748,310," 35,235 "," 35,516 "
14750,"2,270"," 64,749 "," 66,431 "
14753,500," 39,598 "," 40,102 "
14754,270," 40,663 "," 41,056 "
14755,"1,240"," 41,581 "," 42,052 "
14757,"1,510"," 45,189 "," 45,927 "
14760,"8,390"," 45,416 "," 46,056 "
14767,730," 39,004 "," 39,570 "
14769,400," 37,958 "," 39,103 "
14770,"1,330"," 45,135 "," 45,744 "
14772,"1,640"," 43,709 "," 44,387 "
14775,"1,090"," 38,383 "," 39,097 "
14777,300," 39,873 "," 40,273 "
14779,"2,980"," 34,894 "," 35,228 "
14781,900," 38,926 "," 39,466 "
14782,980," 40,128 "," 40,770 "
14784,430," 37,467 "," 37,867 "
14787,"2,330"," 43,860 "," 44,751 "
14801,"2,260"," 40,977 "," 41,297 "
14802,410," 47,061 "," 47,837 "
14803,540," 47,681 "," 48,485 "
14804,630," 48,979 "," 50,203 "
14805,510," 49,588 "," 50,306 "
14806,960," 47,330 "," 47,760 "
14807,"1,360"," 46,554 "," 47,319 "
14808,280," 34,786 "," 35,093 "
14809,"1,130"," 39,330 "," 39,750 "
14810,"5,160"," 41,775 "," 42,237 "
14812,"1,500"," 45,055 "," 45,460 "
14813,"1,050"," 41,436 "," 42,022 "
14814,990," 70,531 "," 71,264 "
14815,410," 45,529 "," 45,910 "
14816,300," 50,793 "," 51,537 "
14817,"1,290"," 49,088 "," 49,911 "
14818,880," 55,633 "," 56,457 "
14819,280," 34,046 "," 34,196 "
14820,270," 43,000 "," 43,293 "
14821,"1,530"," 46,482 "," 46,880 "
14822,500," 40,000 "," 40,558 "
14823,"1,690"," 41,947 "," 42,398 "
14824,330," 41,170 "," 41,627 "
14825,400," 45,770 "," 46,155 "
14826,900," 43,813 "," 44,363 "
14830,"9,520"," 66,074 "," 66,739 "
14836,480," 46,798 "," 47,110 "
14837,"2,160"," 41,485 "," 42,080 "
14838,910," 44,826 "," 45,527 "
14839,280," 43,446 "," 43,793 "
14840,"1,540"," 59,948 "," 60,935 "
14841,460," 58,372 "," 59,976 "
14842,340," 56,941 "," 57,912 "
14843,"5,590"," 41,396 "," 41,942 "
14845,"10,090"," 62,224 "," 63,076 "
14846,280," 39,968 "," 40,389 "
14847,"1,130"," 46,374 "," 47,277 "
14850,"22,500"," 71,210 "," 72,662 "
14853,170," 36,529 "," 37,029 "
14855,370," 37,170 "," 37,724 "
14858,710," 49,735 "," 50,130 "
14859,520," 40,179 "," 40,563 "
14860,500," 46,608 "," 47,392 "
14861,640," 42,717 "," 43,214 "
14864,570," 41,021 "," 41,425 "
14865,"1,180"," 44,805 "," 45,306 "
14867,"2,670"," 44,937 "," 45,673 "
14869,620," 44,642 "," 45,074 "
14870,"4,570"," 72,340 "," 73,093 "
14871,"2,210"," 58,290 "," 58,997 "
14872,290," 39,272 "," 39,793 "
14873,"1,030"," 41,357 "," 41,831 "
14874,110," 42,964 "," 43,900 "
14877,200," 41,115 "," 42,500 "
14878,280," 45,536 "," 46,389 "
14879,960," 41,660 "," 41,983 "
14880,710," 40,176 "," 40,624 "
14881,150," 41,073 "," 41,413 "
14882,"1,960"," 63,102 "," 64,128 "
14883,"1,900"," 46,349 "," 47,068 "
14884,150," 41,373 "," 41,667 "
14885,310," 35,568 "," 36,126 "
14886,"3,290"," 60,093 "," 61,448 "
14889,650," 40,595 "," 41,051 "
14891,"2,050"," 44,572 "," 45,173 "
14892,"3,700"," 43,337 "," 43,842 "
14894,620," 43,105 "," 43,548 "
14895,"4,100"," 45,191 "," 45,805 "
14897,380," 45,345 "," 45,763 "
14898,580," 39,631 "," 39,891 "
14901,"5,420"," 34,847 "," 35,170 "
14903,"3,640"," 57,291 "," 58,237 "
14904,"7,180"," 34,776 "," 35,075 "
14905,"4,340"," 63,368 "," 64,476 "
99999,"92,930"," 134,989 "," 136,949 "
